[{"adcode":"530102","name":"五华区"},{"adcode":"530103","name":"盘龙区"},{"adcode":"530111","name":"官渡区"},{"adcode":"530112","name":"西山区"},{"adcode":"530113","name":"东川区"},{"adcode":"530114","name":"呈贡区"},{"adcode":"530122","name":"晋宁县"},{"adcode":"530124","name":"富民县"},{"adcode":"530125","name":"宜良县"},{"adcode":"530126","name":"石林彝族自治县"},{"adcode":"530127","name":"嵩明县"},{"adcode":"530128","name":"禄劝彝族苗族自治县"},{"adcode":"530129","name":"寻甸回族彝族自治县"},{"adcode":"530181","name":"安宁市"},{"adcode":"530302","name":"麒麟区"},{"adcode":"530321","name":"马龙县"},{"adcode":"530322","name":"陆良县"},{"adcode":"530323","name":"师宗县"},{"adcode":"530324","name":"罗平县"},{"adcode":"530325","name":"富源县"},{"adcode":"530326","name":"会泽县"},{"adcode":"530328","name":"沾益县"},{"adcode":"530381","name":"宣威市"},{"adcode":"530402","name":"红塔区"},{"adcode":"530421","name":"江川县"},{"adcode":"530422","name":"澄江县"},{"adcode":"530423","name":"通海县"},{"adcode":"530424","name":"华宁县"},{"adcode":"530425","name":"易门县"},{"adcode":"530426","name":"峨山彝族自治县"},{"adcode":"530427","name":"新平彝族傣族自治县"},{"adcode":"530428","name":"元江哈尼族彝族傣族自治县"},{"adcode":"530502","name":"隆阳区"},{"adcode":"530521","name":"施甸县"},{"adcode":"530523","name":"龙陵县"},{"adcode":"530524","name":"昌宁县"},{"adcode":"530581","name":"腾冲市"},{"adcode":"530602","name":"昭阳区"},{"adcode":"530621","name":"鲁甸县"},{"adcode":"530622","name":"巧家县"},{"adcode":"530623","name":"盐津县"},{"adcode":"530624","name":"大关县"},{"adcode":"530625","name":"永善县"},{"adcode":"530626","name":"绥江县"},{"adcode":"530627","name":"镇雄县"},{"adcode":"530628","name":"彝良县"},{"adcode":"530629","name":"威信县"},{"adcode":"530630","name":"水富县"},{"adcode":"530702","name":"古城区"},{"adcode":"530721","name":"玉龙纳西族自治县"},{"adcode":"530722","name":"永胜县"},{"adcode":"530723","name":"华坪县"},{"adcode":"530724","name":"宁蒗彝族自治县"},{"adcode":"530802","name":"思茅区"},{"adcode":"530821","name":"宁洱哈尼族彝族自治县"},{"adcode":"530822","name":"墨江哈尼族自治县"},{"adcode":"530823","name":"景东彝族自治县"},{"adcode":"530824","name":"景谷傣族彝族自治县"},{"adcode":"530825","name":"镇沅彝族哈尼族拉祜族自治县"},{"adcode":"530826","name":"江城哈尼族彝族自治县"},{"adcode":"530827","name":"孟连傣族拉祜族佤族自治县"},{"adcode":"530828","name":"澜沧拉祜族自治县"},{"adcode":"530829","name":"西盟佤族自治县"},{"adcode":"530902","name":"临翔区"},{"adcode":"530921","name":"凤庆县"},{"adcode":"530922","name":"云县"},{"adcode":"530923","name":"永德县"},{"adcode":"530924","name":"镇康县"},{"adcode":"530925","name":"双江拉祜族佤族布朗族傣族自治县"},{"adcode":"530926","name":"耿马傣族佤族自治县"},{"adcode":"530927","name":"沧源佤族自治县"},{"adcode":"532301","name":"楚雄市"},{"adcode":"532322","name":"双柏县"},{"adcode":"532323","name":"牟定县"},{"adcode":"532324","name":"南华县"},{"adcode":"532325","name":"姚安县"},{"adcode":"532326","name":"大姚县"},{"adcode":"532327","name":"永仁县"},{"adcode":"532328","name":"元谋县"},{"adcode":"532329","name":"武定县"},{"adcode":"532331","name":"禄丰县"},{"adcode":"532501","name":"个旧市"},{"adcode":"532502","name":"开远市"},{"adcode":"532503","name":"蒙自市"},{"adcode":"532504","name":"弥勒市"},{"adcode":"532523","name":"屏边苗族自治县"},{"adcode":"532524","name":"建水县"},{"adcode":"532525","name":"石屏县"},{"adcode":"532527","name":"泸西县"},{"adcode":"532528","name":"元阳县"},{"adcode":"532529","name":"红河县"},{"adcode":"532530","name":"金平苗族瑶族傣族自治县"},{"adcode":"532531","name":"绿春县"},{"adcode":"532532","name":"河口瑶族自治县"},{"adcode":"532601","name":"文山市"},{"adcode":"532622","name":"砚山县"},{"adcode":"532623","name":"西畴县"},{"adcode":"532624","name":"麻栗坡县"},{"adcode":"532625","name":"马关县"},{"adcode":"532626","name":"丘北县"},{"adcode":"532627","name":"广南县"},{"adcode":"532628","name":"富宁县"},{"adcode":"532801","name":"景洪市"},{"adcode":"532822","name":"勐海县"},{"adcode":"532823","name":"勐腊县"},{"adcode":"532901","name":"大理市"},{"adcode":"532922","name":"漾濞彝族自治县"},{"adcode":"532923","name":"祥云县"},{"adcode":"532924","name":"宾川县"},{"adcode":"532925","name":"弥渡县"},{"adcode":"532926","name":"南涧彝族自治县"},{"adcode":"532927","name":"巍山彝族回族自治县"},{"adcode":"532928","name":"永平县"},{"adcode":"532929","name":"云龙县"},{"adcode":"532930","name":"洱源县"},{"adcode":"532931","name":"剑川县"},{"adcode":"532932","name":"鹤庆县"},{"adcode":"533102","name":"瑞丽市"},{"adcode":"533103","name":"芒市"},{"adcode":"533122","name":"梁河县"},{"adcode":"533123","name":"盈江县"},{"adcode":"533124","name":"陇川县"},{"adcode":"533321","name":"泸水县"},{"adcode":"533323","name":"福贡县"},{"adcode":"533324","name":"贡山独龙族怒族自治县"},{"adcode":"533325","name":"兰坪白族普米族自治县"},{"adcode":"533401","name":"香格里拉市"},{"adcode":"533422","name":"德钦县"},{"adcode":"533423","name":"维西傈僳族自治县"}]