[{"adcode":"230102","name":"道里区"},{"adcode":"230103","name":"南岗区"},{"adcode":"230104","name":"道外区"},{"adcode":"230108","name":"平房区"},{"adcode":"230109","name":"松北区"},{"adcode":"230110","name":"香坊区"},{"adcode":"230111","name":"呼兰区"},{"adcode":"230112","name":"阿城区"},{"adcode":"230113","name":"双城区"},{"adcode":"230123","name":"依兰县"},{"adcode":"230124","name":"方正县"},{"adcode":"230125","name":"宾县"},{"adcode":"230126","name":"巴彦县"},{"adcode":"230127","name":"木兰县"},{"adcode":"230128","name":"通河县"},{"adcode":"230129","name":"延寿县"},{"adcode":"230183","name":"尚志市"},{"adcode":"230184","name":"五常市"},{"adcode":"230202","name":"龙沙区"},{"adcode":"230203","name":"建华区"},{"adcode":"230204","name":"铁锋区"},{"adcode":"230205","name":"昂昂溪区"},{"adcode":"230206","name":"富拉尔基区"},{"adcode":"230207","name":"碾子山区"},{"adcode":"230208","name":"梅里斯达斡尔族区"},{"adcode":"230221","name":"龙江县"},{"adcode":"230223","name":"依安县"},{"adcode":"230224","name":"泰来县"},{"adcode":"230225","name":"甘南县"},{"adcode":"230227","name":"富裕县"},{"adcode":"230229","name":"克山县"},{"adcode":"230230","name":"克东县"},{"adcode":"230231","name":"拜泉县"},{"adcode":"230281","name":"讷河市"},{"adcode":"230302","name":"鸡冠区"},{"adcode":"230303","name":"恒山区"},{"adcode":"230304","name":"滴道区"},{"adcode":"230305","name":"梨树区"},{"adcode":"230306","name":"城子河区"},{"adcode":"230307","name":"麻山区"},{"adcode":"230321","name":"鸡东县"},{"adcode":"230381","name":"虎林市"},{"adcode":"230382","name":"密山市"},{"adcode":"230402","name":"向阳区"},{"adcode":"230403","name":"工农区"},{"adcode":"230404","name":"南山区"},{"adcode":"230405","name":"兴安区"},{"adcode":"230406","name":"东山区"},{"adcode":"230407","name":"兴山区"},{"adcode":"230421","name":"萝北县"},{"adcode":"230422","name":"绥滨县"},{"adcode":"230502","name":"尖山区"},{"adcode":"230503","name":"岭东区"},{"adcode":"230505","name":"四方台区"},{"adcode":"230506","name":"宝山区"},{"adcode":"230521","name":"集贤县"},{"adcode":"230522","name":"友谊县"},{"adcode":"230523","name":"宝清县"},{"adcode":"230524","name":"饶河县"},{"adcode":"230602","name":"萨尔图区"},{"adcode":"230603","name":"龙凤区"},{"adcode":"230604","name":"让胡路区"},{"adcode":"230605","name":"红岗区"},{"adcode":"230606","name":"大同区"},{"adcode":"230621","name":"肇州县"},{"adcode":"230622","name":"肇源县"},{"adcode":"230623","name":"林甸县"},{"adcode":"230624","name":"杜尔伯特蒙古族自治县"},{"adcode":"230702","name":"伊春区"},{"adcode":"230703","name":"南岔区"},{"adcode":"230704","name":"友好区"},{"adcode":"230705","name":"西林区"},{"adcode":"230706","name":"翠峦区"},{"adcode":"230707","name":"新青区"},{"adcode":"230708","name":"美溪区"},{"adcode":"230709","name":"金山屯区"},{"adcode":"230710","name":"五营区"},{"adcode":"230711","name":"乌马河区"},{"adcode":"230712","name":"汤旺河区"},{"adcode":"230713","name":"带岭区"},{"adcode":"230714","name":"乌伊岭区"},{"adcode":"230715","name":"红星区"},{"adcode":"230716","name":"上甘岭区"},{"adcode":"230722","name":"嘉荫县"},{"adcode":"230781","name":"铁力市"},{"adcode":"230803","name":"向阳区"},{"adcode":"230804","name":"前进区"},{"adcode":"230805","name":"东风区"},{"adcode":"230811","name":"郊区"},{"adcode":"230822","name":"桦南县"},{"adcode":"230826","name":"桦川县"},{"adcode":"230828","name":"汤原县"},{"adcode":"230833","name":"抚远县"},{"adcode":"230881","name":"同江市"},{"adcode":"230882","name":"富锦市"},{"adcode":"230902","name":"新兴区"},{"adcode":"230903","name":"桃山区"},{"adcode":"230904","name":"茄子河区"},{"adcode":"230921","name":"勃利县"},{"adcode":"231002","name":"东安区"},{"adcode":"231003","name":"阳明区"},{"adcode":"231004","name":"爱民区"},{"adcode":"231005","name":"西安区"},{"adcode":"231024","name":"东宁县"},{"adcode":"231025","name":"林口县"},{"adcode":"231081","name":"绥芬河市"},{"adcode":"231083","name":"海林市"},{"adcode":"231084","name":"宁安市"},{"adcode":"231085","name":"穆棱市"},{"adcode":"231102","name":"爱辉区"},{"adcode":"231121","name":"嫩江县"},{"adcode":"231123","name":"逊克县"},{"adcode":"231124","name":"孙吴县"},{"adcode":"231181","name":"北安市"},{"adcode":"231182","name":"五大连池市"},{"adcode":"231202","name":"北林区"},{"adcode":"231221","name":"望奎县"},{"adcode":"231222","name":"兰西县"},{"adcode":"231223","name":"青冈县"},{"adcode":"231224","name":"庆安县"},{"adcode":"231225","name":"明水县"},{"adcode":"231226","name":"绥棱县"},{"adcode":"231281","name":"安达市"},{"adcode":"231282","name":"肇东市"},{"adcode":"231283","name":"海伦市"},{"adcode":"232701","name":"加格达奇区"},{"adcode":"232721","name":"呼玛县"},{"adcode":"232722","name":"塔河县"},{"adcode":"232723","name":"漠河县"}]