[{"adcode":"510100","name":"成都市"},{"adcode":"510300","name":"自贡市"},{"adcode":"510400","name":"攀枝花市"},{"adcode":"510500","name":"泸州市"},{"adcode":"510600","name":"德阳市"},{"adcode":"510700","name":"绵阳市"},{"adcode":"510800","name":"广元市"},{"adcode":"510900","name":"遂宁市"},{"adcode":"511000","name":"内江市"},{"adcode":"511100","name":"乐山市"},{"adcode":"511300","name":"南充市"},{"adcode":"511400","name":"眉山市"},{"adcode":"511500","name":"宜宾市"},{"adcode":"511600","name":"广安市"},{"adcode":"511700","name":"达州市"},{"adcode":"511800","name":"雅安市"},{"adcode":"511900","name":"巴中市"},{"adcode":"512000","name":"资阳市"},{"adcode":"513200","name":"阿坝藏族羌族自治州"},{"adcode":"513300","name":"甘孜藏族自治州"},{"adcode":"513400","name":"凉山彝族自治州"}]