[{"adcode":"620100","name":"兰州市"},{"adcode":"620200","name":"嘉峪关市"},{"adcode":"620300","name":"金昌市"},{"adcode":"620400","name":"白银市"},{"adcode":"620500","name":"天水市"},{"adcode":"620600","name":"武威市"},{"adcode":"620700","name":"张掖市"},{"adcode":"620800","name":"平凉市"},{"adcode":"620900","name":"酒泉市"},{"adcode":"621000","name":"庆阳市"},{"adcode":"621100","name":"定西市"},{"adcode":"621200","name":"陇南市"},{"adcode":"622900","name":"临夏回族自治州"},{"adcode":"623000","name":"甘南藏族自治州"}]