[{"adcode":"450102","name":"兴宁区"},{"adcode":"450103","name":"青秀区"},{"adcode":"450105","name":"江南区"},{"adcode":"450107","name":"西乡塘区"},{"adcode":"450108","name":"良庆区"},{"adcode":"450109","name":"邕宁区"},{"adcode":"450110","name":"武鸣区"},{"adcode":"450123","name":"隆安县"},{"adcode":"450124","name":"马山县"},{"adcode":"450125","name":"上林县"},{"adcode":"450126","name":"宾阳县"},{"adcode":"450127","name":"横县"},{"adcode":"450202","name":"城中区"},{"adcode":"450203","name":"鱼峰区"},{"adcode":"450204","name":"柳南区"},{"adcode":"450205","name":"柳北区"},{"adcode":"450221","name":"柳江县"},{"adcode":"450222","name":"柳城县"},{"adcode":"450223","name":"鹿寨县"},{"adcode":"450224","name":"融安县"},{"adcode":"450225","name":"融水苗族自治县"},{"adcode":"450226","name":"三江侗族自治县"},{"adcode":"450302","name":"秀峰区"},{"adcode":"450303","name":"叠彩区"},{"adcode":"450304","name":"象山区"},{"adcode":"450305","name":"七星区"},{"adcode":"450311","name":"雁山区"},{"adcode":"450312","name":"临桂区"},{"adcode":"450321","name":"阳朔县"},{"adcode":"450323","name":"灵川县"},{"adcode":"450324","name":"全州县"},{"adcode":"450325","name":"兴安县"},{"adcode":"450326","name":"永福县"},{"adcode":"450327","name":"灌阳县"},{"adcode":"450328","name":"龙胜各族自治县"},{"adcode":"450329","name":"资源县"},{"adcode":"450330","name":"平乐县"},{"adcode":"450331","name":"荔浦县"},{"adcode":"450332","name":"恭城瑶族自治县"},{"adcode":"450403","name":"万秀区"},{"adcode":"450405","name":"长洲区"},{"adcode":"450406","name":"龙圩区"},{"adcode":"450421","name":"苍梧县"},{"adcode":"450422","name":"藤县"},{"adcode":"450423","name":"蒙山县"},{"adcode":"450481","name":"岑溪市"},{"adcode":"450502","name":"海城区"},{"adcode":"450503","name":"银海区"},{"adcode":"450512","name":"铁山港区"},{"adcode":"450521","name":"合浦县"},{"adcode":"450602","name":"港口区"},{"adcode":"450603","name":"防城区"},{"adcode":"450621","name":"上思县"},{"adcode":"450681","name":"东兴市"},{"adcode":"450702","name":"钦南区"},{"adcode":"450703","name":"钦北区"},{"adcode":"450721","name":"灵山县"},{"adcode":"450722","name":"浦北县"},{"adcode":"450802","name":"港北区"},{"adcode":"450803","name":"港南区"},{"adcode":"450804","name":"覃塘区"},{"adcode":"450821","name":"平南县"},{"adcode":"450881","name":"桂平市"},{"adcode":"450902","name":"玉州区"},{"adcode":"450903","name":"福绵区"},{"adcode":"450921","name":"容县"},{"adcode":"450922","name":"陆川县"},{"adcode":"450923","name":"博白县"},{"adcode":"450924","name":"兴业县"},{"adcode":"450981","name":"北流市"},{"adcode":"451002","name":"右江区"},{"adcode":"451021","name":"田阳县"},{"adcode":"451022","name":"田东县"},{"adcode":"451023","name":"平果县"},{"adcode":"451024","name":"德保县"},{"adcode":"451026","name":"那坡县"},{"adcode":"451027","name":"凌云县"},{"adcode":"451028","name":"乐业县"},{"adcode":"451029","name":"田林县"},{"adcode":"451030","name":"西林县"},{"adcode":"451031","name":"隆林各族自治县"},{"adcode":"451081","name":"靖西市"},{"adcode":"451102","name":"八步区"},{"adcode":"451121","name":"昭平县"},{"adcode":"451122","name":"钟山县"},{"adcode":"451123","name":"富川瑶族自治县"},{"adcode":"451202","name":"金城江区"},{"adcode":"451221","name":"南丹县"},{"adcode":"451222","name":"天峨县"},{"adcode":"451223","name":"凤山县"},{"adcode":"451224","name":"东兰县"},{"adcode":"451225","name":"罗城仫佬族自治县"},{"adcode":"451226","name":"环江毛南族自治县"},{"adcode":"451227","name":"巴马瑶族自治县"},{"adcode":"451228","name":"都安瑶族自治县"},{"adcode":"451229","name":"大化瑶族自治县"},{"adcode":"451281","name":"宜州市"},{"adcode":"451302","name":"兴宾区"},{"adcode":"451321","name":"忻城县"},{"adcode":"451322","name":"象州县"},{"adcode":"451323","name":"武宣县"},{"adcode":"451324","name":"金秀瑶族自治县"},{"adcode":"451381","name":"合山市"},{"adcode":"451402","name":"江州区"},{"adcode":"451421","name":"扶绥县"},{"adcode":"451422","name":"宁明县"},{"adcode":"451423","name":"龙州县"},{"adcode":"451424","name":"大新县"},{"adcode":"451425","name":"天等县"},{"adcode":"451481","name":"凭祥市"}]