[{"adcode":"360102","name":"东湖区"},{"adcode":"360103","name":"西湖区"},{"adcode":"360104","name":"青云谱区"},{"adcode":"360105","name":"湾里区"},{"adcode":"360111","name":"青山湖区"},{"adcode":"360112","name":"新建区"},{"adcode":"360121","name":"南昌县"},{"adcode":"360123","name":"安义县"},{"adcode":"360124","name":"进贤县"},{"adcode":"360202","name":"昌江区"},{"adcode":"360203","name":"珠山区"},{"adcode":"360222","name":"浮梁县"},{"adcode":"360281","name":"乐平市"},{"adcode":"360302","name":"安源区"},{"adcode":"360313","name":"湘东区"},{"adcode":"360321","name":"莲花县"},{"adcode":"360322","name":"上栗县"},{"adcode":"360323","name":"芦溪县"},{"adcode":"360402","name":"庐山区"},{"adcode":"360403","name":"浔阳区"},{"adcode":"360421","name":"九江县"},{"adcode":"360423","name":"武宁县"},{"adcode":"360424","name":"修水县"},{"adcode":"360425","name":"永修县"},{"adcode":"360426","name":"德安县"},{"adcode":"360427","name":"星子县"},{"adcode":"360428","name":"都昌县"},{"adcode":"360429","name":"湖口县"},{"adcode":"360430","name":"彭泽县"},{"adcode":"360481","name":"瑞昌市"},{"adcode":"360482","name":"共青城市"},{"adcode":"360502","name":"渝水区"},{"adcode":"360521","name":"分宜县"},{"adcode":"360602","name":"月湖区"},{"adcode":"360622","name":"余江县"},{"adcode":"360681","name":"贵溪市"},{"adcode":"360702","name":"章贡区"},{"adcode":"360703","name":"南康区"},{"adcode":"360721","name":"赣县"},{"adcode":"360722","name":"信丰县"},{"adcode":"360723","name":"大余县"},{"adcode":"360724","name":"上犹县"},{"adcode":"360725","name":"崇义县"},{"adcode":"360726","name":"安远县"},{"adcode":"360727","name":"龙南县"},{"adcode":"360728","name":"定南县"},{"adcode":"360729","name":"全南县"},{"adcode":"360730","name":"宁都县"},{"adcode":"360731","name":"于都县"},{"adcode":"360732","name":"兴国县"},{"adcode":"360733","name":"会昌县"},{"adcode":"360734","name":"寻乌县"},{"adcode":"360735","name":"石城县"},{"adcode":"360781","name":"瑞金市"},{"adcode":"360802","name":"吉州区"},{"adcode":"360803","name":"青原区"},{"adcode":"360821","name":"吉安县"},{"adcode":"360822","name":"吉水县"},{"adcode":"360823","name":"峡江县"},{"adcode":"360824","name":"新干县"},{"adcode":"360825","name":"永丰县"},{"adcode":"360826","name":"泰和县"},{"adcode":"360827","name":"遂川县"},{"adcode":"360828","name":"万安县"},{"adcode":"360829","name":"安福县"},{"adcode":"360830","name":"永新县"},{"adcode":"360881","name":"井冈山市"},{"adcode":"360902","name":"袁州区"},{"adcode":"360921","name":"奉新县"},{"adcode":"360922","name":"万载县"},{"adcode":"360923","name":"上高县"},{"adcode":"360924","name":"宜丰县"},{"adcode":"360925","name":"靖安县"},{"adcode":"360926","name":"铜鼓县"},{"adcode":"360981","name":"丰城市"},{"adcode":"360982","name":"樟树市"},{"adcode":"360983","name":"高安市"},{"adcode":"361002","name":"临川区"},{"adcode":"361021","name":"南城县"},{"adcode":"361022","name":"黎川县"},{"adcode":"361023","name":"南丰县"},{"adcode":"361024","name":"崇仁县"},{"adcode":"361025","name":"乐安县"},{"adcode":"361026","name":"宜黄县"},{"adcode":"361027","name":"金溪县"},{"adcode":"361028","name":"资溪县"},{"adcode":"361029","name":"东乡县"},{"adcode":"361030","name":"广昌县"},{"adcode":"361102","name":"信州区"},{"adcode":"361103","name":"广丰区"},{"adcode":"361121","name":"上饶县"},{"adcode":"361123","name":"玉山县"},{"adcode":"361124","name":"铅山县"},{"adcode":"361125","name":"横峰县"},{"adcode":"361126","name":"弋阳县"},{"adcode":"361127","name":"余干县"},{"adcode":"361128","name":"鄱阳县"},{"adcode":"361129","name":"万年县"},{"adcode":"361130","name":"婺源县"},{"adcode":"361181","name":"德兴市"}]