[{"adcode":"320100","name":"南京市"},{"adcode":"320200","name":"无锡市"},{"adcode":"320300","name":"徐州市"},{"adcode":"320400","name":"常州市"},{"adcode":"320500","name":"苏州市"},{"adcode":"320600","name":"南通市"},{"adcode":"320700","name":"连云港市"},{"adcode":"320800","name":"淮安市"},{"adcode":"320900","name":"盐城市"},{"adcode":"321000","name":"扬州市"},{"adcode":"321100","name":"镇江市"},{"adcode":"321200","name":"泰州市"},{"adcode":"321300","name":"宿迁市"}]