[{"adcode":"150102","name":"新城区"},{"adcode":"150103","name":"回民区"},{"adcode":"150104","name":"玉泉区"},{"adcode":"150105","name":"赛罕区"},{"adcode":"150121","name":"土默特左旗"},{"adcode":"150122","name":"托克托县"},{"adcode":"150123","name":"和林格尔县"},{"adcode":"150124","name":"清水河县"},{"adcode":"150125","name":"武川县"},{"adcode":"150202","name":"东河区"},{"adcode":"150203","name":"昆都仑区"},{"adcode":"150204","name":"青山区"},{"adcode":"150205","name":"石拐区"},{"adcode":"150206","name":"白云鄂博矿区"},{"adcode":"150207","name":"九原区"},{"adcode":"150221","name":"土默特右旗"},{"adcode":"150222","name":"固阳县"},{"adcode":"150223","name":"达尔罕茂明安联合旗"},{"adcode":"150302","name":"海勃湾区"},{"adcode":"150303","name":"海南区"},{"adcode":"150304","name":"乌达区"},{"adcode":"150402","name":"红山区"},{"adcode":"150403","name":"元宝山区"},{"adcode":"150404","name":"松山区"},{"adcode":"150421","name":"阿鲁科尔沁旗"},{"adcode":"150422","name":"巴林左旗"},{"adcode":"150423","name":"巴林右旗"},{"adcode":"150424","name":"林西县"},{"adcode":"150425","name":"克什克腾旗"},{"adcode":"150426","name":"翁牛特旗"},{"adcode":"150428","name":"喀喇沁旗"},{"adcode":"150429","name":"宁城县"},{"adcode":"150430","name":"敖汉旗"},{"adcode":"150502","name":"科尔沁区"},{"adcode":"150521","name":"科尔沁左翼中旗"},{"adcode":"150522","name":"科尔沁左翼后旗"},{"adcode":"150523","name":"开鲁县"},{"adcode":"150524","name":"库伦旗"},{"adcode":"150525","name":"奈曼旗"},{"adcode":"150526","name":"扎鲁特旗"},{"adcode":"150581","name":"霍林郭勒市"},{"adcode":"150602","name":"东胜区"},{"adcode":"150621","name":"达拉特旗"},{"adcode":"150622","name":"准格尔旗"},{"adcode":"150623","name":"鄂托克前旗"},{"adcode":"150624","name":"鄂托克旗"},{"adcode":"150625","name":"杭锦旗"},{"adcode":"150626","name":"乌审旗"},{"adcode":"150627","name":"伊金霍洛旗"},{"adcode":"150702","name":"海拉尔区"},{"adcode":"150703","name":"扎赉诺尔区"},{"adcode":"150721","name":"阿荣旗"},{"adcode":"150722","name":"莫力达瓦达斡尔族自治旗"},{"adcode":"150723","name":"鄂伦春自治旗"},{"adcode":"150724","name":"鄂温克族自治旗"},{"adcode":"150725","name":"陈巴尔虎旗"},{"adcode":"150726","name":"新巴尔虎左旗"},{"adcode":"150727","name":"新巴尔虎右旗"},{"adcode":"150781","name":"满洲里市"},{"adcode":"150782","name":"牙克石市"},{"adcode":"150783","name":"扎兰屯市"},{"adcode":"150784","name":"额尔古纳市"},{"adcode":"150785","name":"根河市"},{"adcode":"150802","name":"临河区"},{"adcode":"150821","name":"五原县"},{"adcode":"150822","name":"磴口县"},{"adcode":"150823","name":"乌拉特前旗"},{"adcode":"150824","name":"乌拉特中旗"},{"adcode":"150825","name":"乌拉特后旗"},{"adcode":"150826","name":"杭锦后旗"},{"adcode":"150902","name":"集宁区"},{"adcode":"150921","name":"卓资县"},{"adcode":"150922","name":"化德县"},{"adcode":"150923","name":"商都县"},{"adcode":"150924","name":"兴和县"},{"adcode":"150925","name":"凉城县"},{"adcode":"150926","name":"察哈尔右翼前旗"},{"adcode":"150927","name":"察哈尔右翼中旗"},{"adcode":"150928","name":"察哈尔右翼后旗"},{"adcode":"150929","name":"四子王旗"},{"adcode":"150981","name":"丰镇市"},{"adcode":"152201","name":"乌兰浩特市"},{"adcode":"152202","name":"阿尔山市"},{"adcode":"152221","name":"科尔沁右翼前旗"},{"adcode":"152222","name":"科尔沁右翼中旗"},{"adcode":"152223","name":"扎赉特旗"},{"adcode":"152224","name":"突泉县"},{"adcode":"152501","name":"二连浩特市"},{"adcode":"152502","name":"锡林浩特市"},{"adcode":"152522","name":"阿巴嘎旗"},{"adcode":"152523","name":"苏尼特左旗"},{"adcode":"152524","name":"苏尼特右旗"},{"adcode":"152525","name":"东乌珠穆沁旗"},{"adcode":"152526","name":"西乌珠穆沁旗"},{"adcode":"152527","name":"太仆寺旗"},{"adcode":"152528","name":"镶黄旗"},{"adcode":"152529","name":"正镶白旗"},{"adcode":"152530","name":"正蓝旗"},{"adcode":"152531","name":"多伦县"},{"adcode":"152921","name":"阿拉善左旗"},{"adcode":"152922","name":"阿拉善右旗"},{"adcode":"152923","name":"额济纳旗"}]