[{"adcode":"420102","name":"江岸区"},{"adcode":"420103","name":"江汉区"},{"adcode":"420104","name":"硚口区"},{"adcode":"420105","name":"汉阳区"},{"adcode":"420106","name":"武昌区"},{"adcode":"420107","name":"青山区"},{"adcode":"420111","name":"洪山区"},{"adcode":"420112","name":"东西湖区"},{"adcode":"420113","name":"汉南区"},{"adcode":"420114","name":"蔡甸区"},{"adcode":"420115","name":"江夏区"},{"adcode":"420116","name":"黄陂区"},{"adcode":"420117","name":"新洲区"},{"adcode":"420202","name":"黄石港区"},{"adcode":"420203","name":"西塞山区"},{"adcode":"420204","name":"下陆区"},{"adcode":"420205","name":"铁山区"},{"adcode":"420222","name":"阳新县"},{"adcode":"420281","name":"大冶市"},{"adcode":"420302","name":"茅箭区"},{"adcode":"420303","name":"张湾区"},{"adcode":"420304","name":"郧阳区"},{"adcode":"420322","name":"郧西县"},{"adcode":"420323","name":"竹山县"},{"adcode":"420324","name":"竹溪县"},{"adcode":"420325","name":"房县"},{"adcode":"420381","name":"丹江口市"},{"adcode":"420502","name":"西陵区"},{"adcode":"420503","name":"伍家岗区"},{"adcode":"420504","name":"点军区"},{"adcode":"420505","name":"猇亭区"},{"adcode":"420506","name":"夷陵区"},{"adcode":"420525","name":"远安县"},{"adcode":"420526","name":"兴山县"},{"adcode":"420527","name":"秭归县"},{"adcode":"420528","name":"长阳土家族自治县"},{"adcode":"420529","name":"五峰土家族自治县"},{"adcode":"420581","name":"宜都市"},{"adcode":"420582","name":"当阳市"},{"adcode":"420583","name":"枝江市"},{"adcode":"420602","name":"襄城区"},{"adcode":"420606","name":"樊城区"},{"adcode":"420607","name":"襄州区"},{"adcode":"420624","name":"南漳县"},{"adcode":"420625","name":"谷城县"},{"adcode":"420626","name":"保康县"},{"adcode":"420682","name":"老河口市"},{"adcode":"420683","name":"枣阳市"},{"adcode":"420684","name":"宜城市"},{"adcode":"420702","name":"梁子湖区"},{"adcode":"420703","name":"华容区"},{"adcode":"420704","name":"鄂城区"},{"adcode":"420802","name":"东宝区"},{"adcode":"420804","name":"掇刀区"},{"adcode":"420821","name":"京山县"},{"adcode":"420822","name":"沙洋县"},{"adcode":"420881","name":"钟祥市"},{"adcode":"420902","name":"孝南区"},{"adcode":"420921","name":"孝昌县"},{"adcode":"420922","name":"大悟县"},{"adcode":"420923","name":"云梦县"},{"adcode":"420981","name":"应城市"},{"adcode":"420982","name":"安陆市"},{"adcode":"420984","name":"汉川市"},{"adcode":"421002","name":"沙市区"},{"adcode":"421003","name":"荆州区"},{"adcode":"421022","name":"公安县"},{"adcode":"421023","name":"监利县"},{"adcode":"421024","name":"江陵县"},{"adcode":"421081","name":"石首市"},{"adcode":"421083","name":"洪湖市"},{"adcode":"421087","name":"松滋市"},{"adcode":"421102","name":"黄州区"},{"adcode":"421121","name":"团风县"},{"adcode":"421122","name":"红安县"},{"adcode":"421123","name":"罗田县"},{"adcode":"421124","name":"英山县"},{"adcode":"421125","name":"浠水县"},{"adcode":"421126","name":"蕲春县"},{"adcode":"421127","name":"黄梅县"},{"adcode":"421181","name":"麻城市"},{"adcode":"421182","name":"武穴市"},{"adcode":"421202","name":"咸安区"},{"adcode":"421221","name":"嘉鱼县"},{"adcode":"421222","name":"通城县"},{"adcode":"421223","name":"崇阳县"},{"adcode":"421224","name":"通山县"},{"adcode":"421281","name":"赤壁市"},{"adcode":"421303","name":"曾都区"},{"adcode":"421321","name":"随县"},{"adcode":"421381","name":"广水市"},{"adcode":"422801","name":"恩施市"},{"adcode":"422802","name":"利川市"},{"adcode":"422822","name":"建始县"},{"adcode":"422823","name":"巴东县"},{"adcode":"422825","name":"宣恩县"},{"adcode":"422826","name":"咸丰县"},{"adcode":"422827","name":"来凤县"},{"adcode":"422828","name":"鹤峰县"}]