[{"adcode":"320102","name":"玄武区"},{"adcode":"320104","name":"秦淮区"},{"adcode":"320105","name":"建邺区"},{"adcode":"320106","name":"鼓楼区"},{"adcode":"320111","name":"浦口区"},{"adcode":"320113","name":"栖霞区"},{"adcode":"320114","name":"雨花台区"},{"adcode":"320115","name":"江宁区"},{"adcode":"320116","name":"六合区"},{"adcode":"320117","name":"溧水区"},{"adcode":"320118","name":"高淳区"},{"adcode":"320202","name":"崇安区"},{"adcode":"320203","name":"南长区"},{"adcode":"320204","name":"北塘区"},{"adcode":"320205","name":"锡山区"},{"adcode":"320206","name":"惠山区"},{"adcode":"320211","name":"滨湖区"},{"adcode":"320281","name":"江阴市"},{"adcode":"320282","name":"宜兴市"},{"adcode":"320302","name":"鼓楼区"},{"adcode":"320303","name":"云龙区"},{"adcode":"320305","name":"贾汪区"},{"adcode":"320311","name":"泉山区"},{"adcode":"320312","name":"铜山区"},{"adcode":"320321","name":"丰县"},{"adcode":"320322","name":"沛县"},{"adcode":"320324","name":"睢宁县"},{"adcode":"320381","name":"新沂市"},{"adcode":"320382","name":"邳州市"},{"adcode":"320402","name":"天宁区"},{"adcode":"320404","name":"钟楼区"},{"adcode":"320411","name":"新北区"},{"adcode":"320412","name":"武进区"},{"adcode":"320413","name":"金坛区"},{"adcode":"320481","name":"溧阳市"},{"adcode":"320505","name":"虎丘区"},{"adcode":"320506","name":"吴中区"},{"adcode":"320507","name":"相城区"},{"adcode":"320508","name":"姑苏区"},{"adcode":"320509","name":"吴江区"},{"adcode":"320581","name":"常熟市"},{"adcode":"320582","name":"张家港市"},{"adcode":"320583","name":"昆山市"},{"adcode":"320585","name":"太仓市"},{"adcode":"320602","name":"崇川区"},{"adcode":"320611","name":"港闸区"},{"adcode":"320612","name":"通州区"},{"adcode":"320621","name":"海安县"},{"adcode":"320623","name":"如东县"},{"adcode":"320681","name":"启东市"},{"adcode":"320682","name":"如皋市"},{"adcode":"320684","name":"海门市"},{"adcode":"320703","name":"连云区"},{"adcode":"320706","name":"海州区"},{"adcode":"320707","name":"赣榆区"},{"adcode":"320722","name":"东海县"},{"adcode":"320723","name":"灌云县"},{"adcode":"320724","name":"灌南县"},{"adcode":"320802","name":"清河区"},{"adcode":"320803","name":"淮安区"},{"adcode":"320804","name":"淮阴区"},{"adcode":"320811","name":"清浦区"},{"adcode":"320826","name":"涟水县"},{"adcode":"320829","name":"洪泽县"},{"adcode":"320830","name":"盱眙县"},{"adcode":"320831","name":"金湖县"},{"adcode":"320902","name":"亭湖区"},{"adcode":"320903","name":"盐都区"},{"adcode":"320904","name":"大丰区"},{"adcode":"320921","name":"响水县"},{"adcode":"320922","name":"滨海县"},{"adcode":"320923","name":"阜宁县"},{"adcode":"320924","name":"射阳县"},{"adcode":"320925","name":"建湖县"},{"adcode":"320981","name":"东台市"},{"adcode":"321002","name":"广陵区"},{"adcode":"321003","name":"邗江区"},{"adcode":"321012","name":"江都区"},{"adcode":"321023","name":"宝应县"},{"adcode":"321081","name":"仪征市"},{"adcode":"321084","name":"高邮市"},{"adcode":"321102","name":"京口区"},{"adcode":"321111","name":"润州区"},{"adcode":"321112","name":"丹徒区"},{"adcode":"321181","name":"丹阳市"},{"adcode":"321182","name":"扬中市"},{"adcode":"321183","name":"句容市"},{"adcode":"321202","name":"海陵区"},{"adcode":"321203","name":"高港区"},{"adcode":"321204","name":"姜堰区"},{"adcode":"321281","name":"兴化市"},{"adcode":"321282","name":"靖江市"},{"adcode":"321283","name":"泰兴市"},{"adcode":"321302","name":"宿城区"},{"adcode":"321311","name":"宿豫区"},{"adcode":"321322","name":"沭阳县"},{"adcode":"321323","name":"泗阳县"},{"adcode":"321324","name":"泗洪县"}]