[{"adcode":"310101","name":"黄浦区"},{"adcode":"310104","name":"徐汇区"},{"adcode":"310105","name":"长宁区"},{"adcode":"310106","name":"静安区"},{"adcode":"310107","name":"普陀区"},{"adcode":"310108","name":"闸北区"},{"adcode":"310109","name":"虹口区"},{"adcode":"310110","name":"杨浦区"},{"adcode":"310112","name":"闵行区"},{"adcode":"310113","name":"宝山区"},{"adcode":"310114","name":"嘉定区"},{"adcode":"310115","name":"浦东新区"},{"adcode":"310116","name":"金山区"},{"adcode":"310117","name":"松江区"},{"adcode":"310118","name":"青浦区"},{"adcode":"310120","name":"奉贤区"},{"adcode":"310230","name":"崇明县"}]