[{"adcode":"500101","name":"万州区"},{"adcode":"500102","name":"涪陵区"},{"adcode":"500103","name":"渝中区"},{"adcode":"500104","name":"大渡口区"},{"adcode":"500105","name":"江北区"},{"adcode":"500106","name":"沙坪坝区"},{"adcode":"500107","name":"九龙坡区"},{"adcode":"500108","name":"南岸区"},{"adcode":"500109","name":"北碚区"},{"adcode":"500110","name":"綦江区"},{"adcode":"500111","name":"大足区"},{"adcode":"500112","name":"渝北区"},{"adcode":"500113","name":"巴南区"},{"adcode":"500114","name":"黔江区"},{"adcode":"500115","name":"长寿区"},{"adcode":"500116","name":"江津区"},{"adcode":"500117","name":"合川区"},{"adcode":"500118","name":"永川区"},{"adcode":"500119","name":"南川区"},{"adcode":"500120","name":"璧山区"},{"adcode":"500151","name":"铜梁区"},{"adcode":"500152","name":"潼南区"},{"adcode":"500153","name":"荣昌区"},{"adcode":"500228","name":"梁平县"},{"adcode":"500229","name":"城口县"},{"adcode":"500230","name":"丰都县"},{"adcode":"500231","name":"垫江县"},{"adcode":"500232","name":"武隆县"},{"adcode":"500233","name":"忠县"},{"adcode":"500234","name":"开县"},{"adcode":"500235","name":"云阳县"},{"adcode":"500236","name":"奉节县"},{"adcode":"500237","name":"巫山县"},{"adcode":"500238","name":"巫溪县"},{"adcode":"500240","name":"石柱土家族自治县"},{"adcode":"500241","name":"秀山土家族苗族自治县"},{"adcode":"500242","name":"酉阳土家族苗族自治县"},{"adcode":"500243","name":"彭水苗族土家族自治县"}]