[{"adcode":"540102","name":"城关区"},{"adcode":"540121","name":"林周县"},{"adcode":"540122","name":"当雄县"},{"adcode":"540123","name":"尼木县"},{"adcode":"540124","name":"曲水县"},{"adcode":"540125","name":"堆龙德庆县"},{"adcode":"540126","name":"达孜县"},{"adcode":"540127","name":"墨竹工卡县"},{"adcode":"540202","name":"桑珠孜区"},{"adcode":"540221","name":"南木林县"},{"adcode":"540222","name":"江孜县"},{"adcode":"540223","name":"定日县"},{"adcode":"540224","name":"萨迦县"},{"adcode":"540225","name":"拉孜县"},{"adcode":"540226","name":"昂仁县"},{"adcode":"540227","name":"谢通门县"},{"adcode":"540228","name":"白朗县"},{"adcode":"540229","name":"仁布县"},{"adcode":"540230","name":"康马县"},{"adcode":"540231","name":"定结县"},{"adcode":"540232","name":"仲巴县"},{"adcode":"540233","name":"亚东县"},{"adcode":"540234","name":"吉隆县"},{"adcode":"540235","name":"聂拉木县"},{"adcode":"540236","name":"萨嘎县"},{"adcode":"540237","name":"岗巴县"},{"adcode":"540302","name":"卡若区"},{"adcode":"540321","name":"江达县"},{"adcode":"540322","name":"贡觉县"},{"adcode":"540323","name":"类乌齐县"},{"adcode":"540324","name":"丁青县"},{"adcode":"540325","name":"察雅县"},{"adcode":"540326","name":"八宿县"},{"adcode":"540327","name":"左贡县"},{"adcode":"540328","name":"芒康县"},{"adcode":"540329","name":"洛隆县"},{"adcode":"540330","name":"边坝县"},{"adcode":"540402","name":"巴宜区"},{"adcode":"540421","name":"工布江达县"},{"adcode":"540422","name":"米林县"},{"adcode":"540423","name":"墨脱县"},{"adcode":"540424","name":"波密县"},{"adcode":"540425","name":"察隅县"},{"adcode":"540426","name":"朗县"},{"adcode":"542221","name":"乃东县"},{"adcode":"542222","name":"扎囊县"},{"adcode":"542223","name":"贡嘎县"},{"adcode":"542224","name":"桑日县"},{"adcode":"542225","name":"琼结县"},{"adcode":"542226","name":"曲松县"},{"adcode":"542227","name":"措美县"},{"adcode":"542228","name":"洛扎县"},{"adcode":"542229","name":"加查县"},{"adcode":"542231","name":"隆子县"},{"adcode":"542232","name":"错那县"},{"adcode":"542233","name":"浪卡子县"},{"adcode":"542421","name":"那曲县"},{"adcode":"542422","name":"嘉黎县"},{"adcode":"542423","name":"比如县"},{"adcode":"542424","name":"聂荣县"},{"adcode":"542425","name":"安多县"},{"adcode":"542426","name":"申扎县"},{"adcode":"542427","name":"索县"},{"adcode":"542428","name":"班戈县"},{"adcode":"542429","name":"巴青县"},{"adcode":"542430","name":"尼玛县"},{"adcode":"542431","name":"双湖县"},{"adcode":"542521","name":"普兰县"},{"adcode":"542522","name":"札达县"},{"adcode":"542523","name":"噶尔县"},{"adcode":"542524","name":"日土县"},{"adcode":"542525","name":"革吉县"},{"adcode":"542526","name":"改则县"},{"adcode":"542527","name":"措勤县"}]