[{"adcode":"140105","name":"小店区"},{"adcode":"140106","name":"迎泽区"},{"adcode":"140107","name":"杏花岭区"},{"adcode":"140108","name":"尖草坪区"},{"adcode":"140109","name":"万柏林区"},{"adcode":"140110","name":"晋源区"},{"adcode":"140121","name":"清徐县"},{"adcode":"140122","name":"阳曲县"},{"adcode":"140123","name":"娄烦县"},{"adcode":"140181","name":"古交市"},{"adcode":"140202","name":"城区"},{"adcode":"140203","name":"矿区"},{"adcode":"140211","name":"南郊区"},{"adcode":"140212","name":"新荣区"},{"adcode":"140221","name":"阳高县"},{"adcode":"140222","name":"天镇县"},{"adcode":"140223","name":"广灵县"},{"adcode":"140224","name":"灵丘县"},{"adcode":"140225","name":"浑源县"},{"adcode":"140226","name":"左云县"},{"adcode":"140227","name":"大同县"},{"adcode":"140302","name":"城区"},{"adcode":"140303","name":"矿区"},{"adcode":"140311","name":"郊区"},{"adcode":"140321","name":"平定县"},{"adcode":"140322","name":"盂县"},{"adcode":"140402","name":"城区"},{"adcode":"140411","name":"郊区"},{"adcode":"140421","name":"长治县"},{"adcode":"140423","name":"襄垣县"},{"adcode":"140424","name":"屯留县"},{"adcode":"140425","name":"平顺县"},{"adcode":"140426","name":"黎城县"},{"adcode":"140427","name":"壶关县"},{"adcode":"140428","name":"长子县"},{"adcode":"140429","name":"武乡县"},{"adcode":"140430","name":"沁县"},{"adcode":"140431","name":"沁源县"},{"adcode":"140481","name":"潞城市"},{"adcode":"140502","name":"城区"},{"adcode":"140521","name":"沁水县"},{"adcode":"140522","name":"阳城县"},{"adcode":"140524","name":"陵川县"},{"adcode":"140525","name":"泽州县"},{"adcode":"140581","name":"高平市"},{"adcode":"140602","name":"朔城区"},{"adcode":"140603","name":"平鲁区"},{"adcode":"140621","name":"山阴县"},{"adcode":"140622","name":"应县"},{"adcode":"140623","name":"右玉县"},{"adcode":"140624","name":"怀仁县"},{"adcode":"140702","name":"榆次区"},{"adcode":"140721","name":"榆社县"},{"adcode":"140722","name":"左权县"},{"adcode":"140723","name":"和顺县"},{"adcode":"140724","name":"昔阳县"},{"adcode":"140725","name":"寿阳县"},{"adcode":"140726","name":"太谷县"},{"adcode":"140727","name":"祁县"},{"adcode":"140728","name":"平遥县"},{"adcode":"140729","name":"灵石县"},{"adcode":"140781","name":"介休市"},{"adcode":"140802","name":"盐湖区"},{"adcode":"140821","name":"临猗县"},{"adcode":"140822","name":"万荣县"},{"adcode":"140823","name":"闻喜县"},{"adcode":"140824","name":"稷山县"},{"adcode":"140825","name":"新绛县"},{"adcode":"140826","name":"绛县"},{"adcode":"140827","name":"垣曲县"},{"adcode":"140828","name":"夏县"},{"adcode":"140829","name":"平陆县"},{"adcode":"140830","name":"芮城县"},{"adcode":"140881","name":"永济市"},{"adcode":"140882","name":"河津市"},{"adcode":"140902","name":"忻府区"},{"adcode":"140921","name":"定襄县"},{"adcode":"140922","name":"五台县"},{"adcode":"140923","name":"代县"},{"adcode":"140924","name":"繁峙县"},{"adcode":"140925","name":"宁武县"},{"adcode":"140926","name":"静乐县"},{"adcode":"140927","name":"神池县"},{"adcode":"140928","name":"五寨县"},{"adcode":"140929","name":"岢岚县"},{"adcode":"140930","name":"河曲县"},{"adcode":"140931","name":"保德县"},{"adcode":"140932","name":"偏关县"},{"adcode":"140981","name":"原平市"},{"adcode":"141002","name":"尧都区"},{"adcode":"141021","name":"曲沃县"},{"adcode":"141022","name":"翼城县"},{"adcode":"141023","name":"襄汾县"},{"adcode":"141024","name":"洪洞县"},{"adcode":"141025","name":"古县"},{"adcode":"141026","name":"安泽县"},{"adcode":"141027","name":"浮山县"},{"adcode":"141028","name":"吉县"},{"adcode":"141029","name":"乡宁县"},{"adcode":"141030","name":"大宁县"},{"adcode":"141031","name":"隰县"},{"adcode":"141032","name":"永和县"},{"adcode":"141033","name":"蒲县"},{"adcode":"141034","name":"汾西县"},{"adcode":"141081","name":"侯马市"},{"adcode":"141082","name":"霍州市"},{"adcode":"141102","name":"离石区"},{"adcode":"141121","name":"文水县"},{"adcode":"141122","name":"交城县"},{"adcode":"141123","name":"兴县"},{"adcode":"141124","name":"临县"},{"adcode":"141125","name":"柳林县"},{"adcode":"141126","name":"石楼县"},{"adcode":"141127","name":"岚县"},{"adcode":"141128","name":"方山县"},{"adcode":"141129","name":"中阳县"},{"adcode":"141130","name":"交口县"},{"adcode":"141181","name":"孝义市"},{"adcode":"141182","name":"汾阳市"}]