[{"adcode":"410100","name":"郑州市"},{"adcode":"410200","name":"开封市"},{"adcode":"410300","name":"洛阳市"},{"adcode":"410400","name":"平顶山市"},{"adcode":"410500","name":"安阳市"},{"adcode":"410600","name":"鹤壁市"},{"adcode":"410700","name":"新乡市"},{"adcode":"410800","name":"焦作市"},{"adcode":"410900","name":"濮阳市"},{"adcode":"411000","name":"许昌市"},{"adcode":"411100","name":"漯河市"},{"adcode":"411200","name":"三门峡市"},{"adcode":"411300","name":"南阳市"},{"adcode":"411400","name":"商丘市"},{"adcode":"411500","name":"信阳市"},{"adcode":"411600","name":"周口市"},{"adcode":"411700","name":"驻马店市"},{"adcode":"419001","name":"济源市"}]