[{"adcode":"650100","name":"乌鲁木齐市"},{"adcode":"650200","name":"克拉玛依市"},{"adcode":"650400","name":"吐鲁番市"},{"adcode":"652200","name":"哈密地区"},{"adcode":"652300","name":"昌吉回族自治州"},{"adcode":"652700","name":"博尔塔拉蒙古自治州"},{"adcode":"652800","name":"巴音郭楞蒙古自治州"},{"adcode":"652900","name":"阿克苏地区"},{"adcode":"653000","name":"克孜勒苏柯尔克孜自治州"},{"adcode":"653100","name":"喀什地区"},{"adcode":"653200","name":"和田地区"},{"adcode":"654000","name":"伊犁哈萨克自治州"},{"adcode":"654200","name":"塔城地区"},{"adcode":"654300","name":"阿勒泰地区"},{"adcode":"659001","name":"石河子市"},{"adcode":"659002","name":"阿拉尔市"},{"adcode":"659003","name":"图木舒克市"},{"adcode":"659004","name":"五家渠市"},{"adcode":"659005","name":"北屯市"},{"adcode":"659006","name":"铁门关市"},{"adcode":"659007","name":"双河市"},{"adcode":"659008","name":"可克达拉市"}]