[{"adcode":"610102","name":"新城区"},{"adcode":"610103","name":"碑林区"},{"adcode":"610104","name":"莲湖区"},{"adcode":"610111","name":"灞桥区"},{"adcode":"610112","name":"未央区"},{"adcode":"610113","name":"雁塔区"},{"adcode":"610114","name":"阎良区"},{"adcode":"610115","name":"临潼区"},{"adcode":"610116","name":"长安区"},{"adcode":"610117","name":"高陵区"},{"adcode":"610122","name":"蓝田县"},{"adcode":"610124","name":"周至县"},{"adcode":"610125","name":"户县"},{"adcode":"610202","name":"王益区"},{"adcode":"610203","name":"印台区"},{"adcode":"610204","name":"耀州区"},{"adcode":"610222","name":"宜君县"},{"adcode":"610302","name":"渭滨区"},{"adcode":"610303","name":"金台区"},{"adcode":"610304","name":"陈仓区"},{"adcode":"610322","name":"凤翔县"},{"adcode":"610323","name":"岐山县"},{"adcode":"610324","name":"扶风县"},{"adcode":"610326","name":"眉县"},{"adcode":"610327","name":"陇县"},{"adcode":"610328","name":"千阳县"},{"adcode":"610329","name":"麟游县"},{"adcode":"610330","name":"凤县"},{"adcode":"610331","name":"太白县"},{"adcode":"610402","name":"秦都区"},{"adcode":"610403","name":"杨陵区"},{"adcode":"610404","name":"渭城区"},{"adcode":"610422","name":"三原县"},{"adcode":"610423","name":"泾阳县"},{"adcode":"610424","name":"乾县"},{"adcode":"610425","name":"礼泉县"},{"adcode":"610426","name":"永寿县"},{"adcode":"610427","name":"彬县"},{"adcode":"610428","name":"长武县"},{"adcode":"610429","name":"旬邑县"},{"adcode":"610430","name":"淳化县"},{"adcode":"610431","name":"武功县"},{"adcode":"610481","name":"兴平市"},{"adcode":"610502","name":"临渭区"},{"adcode":"610521","name":"华县"},{"adcode":"610522","name":"潼关县"},{"adcode":"610523","name":"大荔县"},{"adcode":"610524","name":"合阳县"},{"adcode":"610525","name":"澄城县"},{"adcode":"610526","name":"蒲城县"},{"adcode":"610527","name":"白水县"},{"adcode":"610528","name":"富平县"},{"adcode":"610581","name":"韩城市"},{"adcode":"610582","name":"华阴市"},{"adcode":"610602","name":"宝塔区"},{"adcode":"610621","name":"延长县"},{"adcode":"610622","name":"延川县"},{"adcode":"610623","name":"子长县"},{"adcode":"610624","name":"安塞县"},{"adcode":"610625","name":"志丹县"},{"adcode":"610626","name":"吴起县"},{"adcode":"610627","name":"甘泉县"},{"adcode":"610628","name":"富县"},{"adcode":"610629","name":"洛川县"},{"adcode":"610630","name":"宜川县"},{"adcode":"610631","name":"黄龙县"},{"adcode":"610632","name":"黄陵县"},{"adcode":"610702","name":"汉台区"},{"adcode":"610721","name":"南郑县"},{"adcode":"610722","name":"城固县"},{"adcode":"610723","name":"洋县"},{"adcode":"610724","name":"西乡县"},{"adcode":"610725","name":"勉县"},{"adcode":"610726","name":"宁强县"},{"adcode":"610727","name":"略阳县"},{"adcode":"610728","name":"镇巴县"},{"adcode":"610729","name":"留坝县"},{"adcode":"610730","name":"佛坪县"},{"adcode":"610802","name":"榆阳区"},{"adcode":"610821","name":"神木县"},{"adcode":"610822","name":"府谷县"},{"adcode":"610823","name":"横山县"},{"adcode":"610824","name":"靖边县"},{"adcode":"610825","name":"定边县"},{"adcode":"610826","name":"绥德县"},{"adcode":"610827","name":"米脂县"},{"adcode":"610828","name":"佳县"},{"adcode":"610829","name":"吴堡县"},{"adcode":"610830","name":"清涧县"},{"adcode":"610831","name":"子洲县"},{"adcode":"610902","name":"汉滨区"},{"adcode":"610921","name":"汉阴县"},{"adcode":"610922","name":"石泉县"},{"adcode":"610923","name":"宁陕县"},{"adcode":"610924","name":"紫阳县"},{"adcode":"610925","name":"岚皋县"},{"adcode":"610926","name":"平利县"},{"adcode":"610927","name":"镇坪县"},{"adcode":"610928","name":"旬阳县"},{"adcode":"610929","name":"白河县"},{"adcode":"611002","name":"商州区"},{"adcode":"611021","name":"洛南县"},{"adcode":"611022","name":"丹凤县"},{"adcode":"611023","name":"商南县"},{"adcode":"611024","name":"山阳县"},{"adcode":"611025","name":"镇安县"},{"adcode":"611026","name":"柞水县"}]