[{"adcode":"340100","name":"合肥市"},{"adcode":"340200","name":"芜湖市"},{"adcode":"340300","name":"蚌埠市"},{"adcode":"340400","name":"淮南市"},{"adcode":"340500","name":"马鞍山市"},{"adcode":"340600","name":"淮北市"},{"adcode":"340700","name":"铜陵市"},{"adcode":"340800","name":"安庆市"},{"adcode":"341000","name":"黄山市"},{"adcode":"341100","name":"滁州市"},{"adcode":"341200","name":"阜阳市"},{"adcode":"341300","name":"宿州市"},{"adcode":"341500","name":"六安市"},{"adcode":"341600","name":"亳州市"},{"adcode":"341700","name":"池州市"},{"adcode":"341800","name":"宣城市"}]