[{"adcode":"450100","name":"南宁市"},{"adcode":"450200","name":"柳州市"},{"adcode":"450300","name":"桂林市"},{"adcode":"450400","name":"梧州市"},{"adcode":"450500","name":"北海市"},{"adcode":"450600","name":"防城港市"},{"adcode":"450700","name":"钦州市"},{"adcode":"450800","name":"贵港市"},{"adcode":"450900","name":"玉林市"},{"adcode":"451000","name":"百色市"},{"adcode":"451100","name":"贺州市"},{"adcode":"451200","name":"河池市"},{"adcode":"451300","name":"来宾市"},{"adcode":"451400","name":"崇左市"}]