[{"adcode":"520102","name":"南明区"},{"adcode":"520103","name":"云岩区"},{"adcode":"520111","name":"花溪区"},{"adcode":"520112","name":"乌当区"},{"adcode":"520113","name":"白云区"},{"adcode":"520115","name":"观山湖区"},{"adcode":"520121","name":"开阳县"},{"adcode":"520122","name":"息烽县"},{"adcode":"520123","name":"修文县"},{"adcode":"520181","name":"清镇市"},{"adcode":"520201","name":"钟山区"},{"adcode":"520203","name":"六枝特区"},{"adcode":"520221","name":"水城县"},{"adcode":"520222","name":"盘县"},{"adcode":"520302","name":"红花岗区"},{"adcode":"520303","name":"汇川区"},{"adcode":"520321","name":"遵义县"},{"adcode":"520322","name":"桐梓县"},{"adcode":"520323","name":"绥阳县"},{"adcode":"520324","name":"正安县"},{"adcode":"520325","name":"道真仡佬族苗族自治县"},{"adcode":"520326","name":"务川仡佬族苗族自治县"},{"adcode":"520327","name":"凤冈县"},{"adcode":"520328","name":"湄潭县"},{"adcode":"520329","name":"余庆县"},{"adcode":"520330","name":"习水县"},{"adcode":"520381","name":"赤水市"},{"adcode":"520382","name":"仁怀市"},{"adcode":"520402","name":"西秀区"},{"adcode":"520403","name":"平坝区"},{"adcode":"520422","name":"普定县"},{"adcode":"520423","name":"镇宁布依族苗族自治县"},{"adcode":"520424","name":"关岭布依族苗族自治县"},{"adcode":"520425","name":"紫云苗族布依族自治县"},{"adcode":"520502","name":"七星关区"},{"adcode":"520521","name":"大方县"},{"adcode":"520522","name":"黔西县"},{"adcode":"520523","name":"金沙县"},{"adcode":"520524","name":"织金县"},{"adcode":"520525","name":"纳雍县"},{"adcode":"520526","name":"威宁彝族回族苗族自治县"},{"adcode":"520527","name":"赫章县"},{"adcode":"520602","name":"碧江区"},{"adcode":"520603","name":"万山区"},{"adcode":"520621","name":"江口县"},{"adcode":"520622","name":"玉屏侗族自治县"},{"adcode":"520623","name":"石阡县"},{"adcode":"520624","name":"思南县"},{"adcode":"520625","name":"印江土家族苗族自治县"},{"adcode":"520626","name":"德江县"},{"adcode":"520627","name":"沿河土家族自治县"},{"adcode":"520628","name":"松桃苗族自治县"},{"adcode":"522301","name":"兴义市"},{"adcode":"522322","name":"兴仁县"},{"adcode":"522323","name":"普安县"},{"adcode":"522324","name":"晴隆县"},{"adcode":"522325","name":"贞丰县"},{"adcode":"522326","name":"望谟县"},{"adcode":"522327","name":"册亨县"},{"adcode":"522328","name":"安龙县"},{"adcode":"522601","name":"凯里市"},{"adcode":"522622","name":"黄平县"},{"adcode":"522623","name":"施秉县"},{"adcode":"522624","name":"三穗县"},{"adcode":"522625","name":"镇远县"},{"adcode":"522626","name":"岑巩县"},{"adcode":"522627","name":"天柱县"},{"adcode":"522628","name":"锦屏县"},{"adcode":"522629","name":"剑河县"},{"adcode":"522630","name":"台江县"},{"adcode":"522631","name":"黎平县"},{"adcode":"522632","name":"榕江县"},{"adcode":"522633","name":"从江县"},{"adcode":"522634","name":"雷山县"},{"adcode":"522635","name":"麻江县"},{"adcode":"522636","name":"丹寨县"},{"adcode":"522701","name":"都匀市"},{"adcode":"522702","name":"福泉市"},{"adcode":"522722","name":"荔波县"},{"adcode":"522723","name":"贵定县"},{"adcode":"522725","name":"瓮安县"},{"adcode":"522726","name":"独山县"},{"adcode":"522727","name":"平塘县"},{"adcode":"522728","name":"罗甸县"},{"adcode":"522729","name":"长顺县"},{"adcode":"522730","name":"龙里县"},{"adcode":"522731","name":"惠水县"},{"adcode":"522732","name":"三都水族自治县"}]