[{"adcode":"430100","name":"长沙市"},{"adcode":"430200","name":"株洲市"},{"adcode":"430300","name":"湘潭市"},{"adcode":"430400","name":"衡阳市"},{"adcode":"430500","name":"邵阳市"},{"adcode":"430600","name":"岳阳市"},{"adcode":"430700","name":"常德市"},{"adcode":"430800","name":"张家界市"},{"adcode":"430900","name":"益阳市"},{"adcode":"431000","name":"郴州市"},{"adcode":"431100","name":"永州市"},{"adcode":"431200","name":"怀化市"},{"adcode":"431300","name":"娄底市"},{"adcode":"433100","name":"湘西土家族苗族自治州"}]