[{"adcode":"440100","name":"广州市"},{"adcode":"440200","name":"韶关市"},{"adcode":"440300","name":"深圳市"},{"adcode":"440400","name":"珠海市"},{"adcode":"440500","name":"汕头市"},{"adcode":"440600","name":"佛山市"},{"adcode":"440700","name":"江门市"},{"adcode":"440800","name":"湛江市"},{"adcode":"440900","name":"茂名市"},{"adcode":"441200","name":"肇庆市"},{"adcode":"441300","name":"惠州市"},{"adcode":"441400","name":"梅州市"},{"adcode":"441500","name":"汕尾市"},{"adcode":"441600","name":"河源市"},{"adcode":"441700","name":"阳江市"},{"adcode":"441800","name":"清远市"},{"adcode":"441900","name":"东莞市"},{"adcode":"442000","name":"中山市"},{"adcode":"445100","name":"潮州市"},{"adcode":"445200","name":"揭阳市"},{"adcode":"445300","name":"云浮市"}]