[{"adcode":"620102","name":"城关区"},{"adcode":"620103","name":"七里河区"},{"adcode":"620104","name":"西固区"},{"adcode":"620105","name":"安宁区"},{"adcode":"620111","name":"红古区"},{"adcode":"620121","name":"永登县"},{"adcode":"620122","name":"皋兰县"},{"adcode":"620123","name":"榆中县"},{"adcode":"620302","name":"金川区"},{"adcode":"620321","name":"永昌县"},{"adcode":"620402","name":"白银区"},{"adcode":"620403","name":"平川区"},{"adcode":"620421","name":"靖远县"},{"adcode":"620422","name":"会宁县"},{"adcode":"620423","name":"景泰县"},{"adcode":"620502","name":"秦州区"},{"adcode":"620503","name":"麦积区"},{"adcode":"620521","name":"清水县"},{"adcode":"620522","name":"秦安县"},{"adcode":"620523","name":"甘谷县"},{"adcode":"620524","name":"武山县"},{"adcode":"620525","name":"张家川回族自治县"},{"adcode":"620602","name":"凉州区"},{"adcode":"620621","name":"民勤县"},{"adcode":"620622","name":"古浪县"},{"adcode":"620623","name":"天祝藏族自治县"},{"adcode":"620702","name":"甘州区"},{"adcode":"620721","name":"肃南裕固族自治县"},{"adcode":"620722","name":"民乐县"},{"adcode":"620723","name":"临泽县"},{"adcode":"620724","name":"高台县"},{"adcode":"620725","name":"山丹县"},{"adcode":"620802","name":"崆峒区"},{"adcode":"620821","name":"泾川县"},{"adcode":"620822","name":"灵台县"},{"adcode":"620823","name":"崇信县"},{"adcode":"620824","name":"华亭县"},{"adcode":"620825","name":"庄浪县"},{"adcode":"620826","name":"静宁县"},{"adcode":"620902","name":"肃州区"},{"adcode":"620921","name":"金塔县"},{"adcode":"620922","name":"瓜州县"},{"adcode":"620923","name":"肃北蒙古族自治县"},{"adcode":"620924","name":"阿克塞哈萨克族自治县"},{"adcode":"620981","name":"玉门市"},{"adcode":"620982","name":"敦煌市"},{"adcode":"621002","name":"西峰区"},{"adcode":"621021","name":"庆城县"},{"adcode":"621022","name":"环县"},{"adcode":"621023","name":"华池县"},{"adcode":"621024","name":"合水县"},{"adcode":"621025","name":"正宁县"},{"adcode":"621026","name":"宁县"},{"adcode":"621027","name":"镇原县"},{"adcode":"621102","name":"安定区"},{"adcode":"621121","name":"通渭县"},{"adcode":"621122","name":"陇西县"},{"adcode":"621123","name":"渭源县"},{"adcode":"621124","name":"临洮县"},{"adcode":"621125","name":"漳县"},{"adcode":"621126","name":"岷县"},{"adcode":"621202","name":"武都区"},{"adcode":"621221","name":"成县"},{"adcode":"621222","name":"文县"},{"adcode":"621223","name":"宕昌县"},{"adcode":"621224","name":"康县"},{"adcode":"621225","name":"西和县"},{"adcode":"621226","name":"礼县"},{"adcode":"621227","name":"徽县"},{"adcode":"621228","name":"两当县"},{"adcode":"622901","name":"临夏市"},{"adcode":"622921","name":"临夏县"},{"adcode":"622922","name":"康乐县"},{"adcode":"622923","name":"永靖县"},{"adcode":"622924","name":"广河县"},{"adcode":"622925","name":"和政县"},{"adcode":"622926","name":"东乡族自治县"},{"adcode":"622927","name":"积石山保安族东乡族撒拉族自治县"},{"adcode":"623001","name":"合作市"},{"adcode":"623021","name":"临潭县"},{"adcode":"623022","name":"卓尼县"},{"adcode":"623023","name":"舟曲县"},{"adcode":"623024","name":"迭部县"},{"adcode":"623025","name":"玛曲县"},{"adcode":"623026","name":"碌曲县"},{"adcode":"623027","name":"夏河县"}]