[{"adcode":"420100","name":"武汉市"},{"adcode":"420200","name":"黄石市"},{"adcode":"420300","name":"十堰市"},{"adcode":"420500","name":"宜昌市"},{"adcode":"420600","name":"襄阳市"},{"adcode":"420700","name":"鄂州市"},{"adcode":"420800","name":"荆门市"},{"adcode":"420900","name":"孝感市"},{"adcode":"421000","name":"荆州市"},{"adcode":"421100","name":"黄冈市"},{"adcode":"421200","name":"咸宁市"},{"adcode":"421300","name":"随州市"},{"adcode":"422800","name":"恩施土家族苗族自治州"},{"adcode":"429004","name":"仙桃市"},{"adcode":"429005","name":"潜江市"},{"adcode":"429006","name":"天门市"},{"adcode":"429021","name":"神农架林区"}]