[{"adcode":"210100","name":"沈阳市"},{"adcode":"210200","name":"大连市"},{"adcode":"210300","name":"鞍山市"},{"adcode":"210400","name":"抚顺市"},{"adcode":"210500","name":"本溪市"},{"adcode":"210600","name":"丹东市"},{"adcode":"210700","name":"锦州市"},{"adcode":"210800","name":"营口市"},{"adcode":"210900","name":"阜新市"},{"adcode":"211000","name":"辽阳市"},{"adcode":"211100","name":"盘锦市"},{"adcode":"211200","name":"铁岭市"},{"adcode":"211300","name":"朝阳市"},{"adcode":"211400","name":"葫芦岛市"}]