[{"adcode":"430102","name":"芙蓉区"},{"adcode":"430103","name":"天心区"},{"adcode":"430104","name":"岳麓区"},{"adcode":"430105","name":"开福区"},{"adcode":"430111","name":"雨花区"},{"adcode":"430112","name":"望城区"},{"adcode":"430121","name":"长沙县"},{"adcode":"430124","name":"宁乡县"},{"adcode":"430181","name":"浏阳市"},{"adcode":"430202","name":"荷塘区"},{"adcode":"430203","name":"芦淞区"},{"adcode":"430204","name":"石峰区"},{"adcode":"430211","name":"天元区"},{"adcode":"430221","name":"株洲县"},{"adcode":"430223","name":"攸县"},{"adcode":"430224","name":"茶陵县"},{"adcode":"430225","name":"炎陵县"},{"adcode":"430281","name":"醴陵市"},{"adcode":"430302","name":"雨湖区"},{"adcode":"430304","name":"岳塘区"},{"adcode":"430321","name":"湘潭县"},{"adcode":"430381","name":"湘乡市"},{"adcode":"430382","name":"韶山市"},{"adcode":"430405","name":"珠晖区"},{"adcode":"430406","name":"雁峰区"},{"adcode":"430407","name":"石鼓区"},{"adcode":"430408","name":"蒸湘区"},{"adcode":"430412","name":"南岳区"},{"adcode":"430421","name":"衡阳县"},{"adcode":"430422","name":"衡南县"},{"adcode":"430423","name":"衡山县"},{"adcode":"430424","name":"衡东县"},{"adcode":"430426","name":"祁东县"},{"adcode":"430481","name":"耒阳市"},{"adcode":"430482","name":"常宁市"},{"adcode":"430502","name":"双清区"},{"adcode":"430503","name":"大祥区"},{"adcode":"430511","name":"北塔区"},{"adcode":"430521","name":"邵东县"},{"adcode":"430522","name":"新邵县"},{"adcode":"430523","name":"邵阳县"},{"adcode":"430524","name":"隆回县"},{"adcode":"430525","name":"洞口县"},{"adcode":"430527","name":"绥宁县"},{"adcode":"430528","name":"新宁县"},{"adcode":"430529","name":"城步苗族自治县"},{"adcode":"430581","name":"武冈市"},{"adcode":"430602","name":"岳阳楼区"},{"adcode":"430603","name":"云溪区"},{"adcode":"430611","name":"君山区"},{"adcode":"430621","name":"岳阳县"},{"adcode":"430623","name":"华容县"},{"adcode":"430624","name":"湘阴县"},{"adcode":"430626","name":"平江县"},{"adcode":"430681","name":"汨罗市"},{"adcode":"430682","name":"临湘市"},{"adcode":"430702","name":"武陵区"},{"adcode":"430703","name":"鼎城区"},{"adcode":"430721","name":"安乡县"},{"adcode":"430722","name":"汉寿县"},{"adcode":"430723","name":"澧县"},{"adcode":"430724","name":"临澧县"},{"adcode":"430725","name":"桃源县"},{"adcode":"430726","name":"石门县"},{"adcode":"430781","name":"津市市"},{"adcode":"430802","name":"永定区"},{"adcode":"430811","name":"武陵源区"},{"adcode":"430821","name":"慈利县"},{"adcode":"430822","name":"桑植县"},{"adcode":"430902","name":"资阳区"},{"adcode":"430903","name":"赫山区"},{"adcode":"430921","name":"南县"},{"adcode":"430922","name":"桃江县"},{"adcode":"430923","name":"安化县"},{"adcode":"430981","name":"沅江市"},{"adcode":"431002","name":"北湖区"},{"adcode":"431003","name":"苏仙区"},{"adcode":"431021","name":"桂阳县"},{"adcode":"431022","name":"宜章县"},{"adcode":"431023","name":"永兴县"},{"adcode":"431024","name":"嘉禾县"},{"adcode":"431025","name":"临武县"},{"adcode":"431026","name":"汝城县"},{"adcode":"431027","name":"桂东县"},{"adcode":"431028","name":"安仁县"},{"adcode":"431081","name":"资兴市"},{"adcode":"431102","name":"零陵区"},{"adcode":"431103","name":"冷水滩区"},{"adcode":"431121","name":"祁阳县"},{"adcode":"431122","name":"东安县"},{"adcode":"431123","name":"双牌县"},{"adcode":"431124","name":"道县"},{"adcode":"431125","name":"江永县"},{"adcode":"431126","name":"宁远县"},{"adcode":"431127","name":"蓝山县"},{"adcode":"431128","name":"新田县"},{"adcode":"431129","name":"江华瑶族自治县"},{"adcode":"431202","name":"鹤城区"},{"adcode":"431221","name":"中方县"},{"adcode":"431222","name":"沅陵县"},{"adcode":"431223","name":"辰溪县"},{"adcode":"431224","name":"溆浦县"},{"adcode":"431225","name":"会同县"},{"adcode":"431226","name":"麻阳苗族自治县"},{"adcode":"431227","name":"新晃侗族自治县"},{"adcode":"431228","name":"芷江侗族自治县"},{"adcode":"431229","name":"靖州苗族侗族自治县"},{"adcode":"431230","name":"通道侗族自治县"},{"adcode":"431281","name":"洪江市"},{"adcode":"431302","name":"娄星区"},{"adcode":"431321","name":"双峰县"},{"adcode":"431322","name":"新化县"},{"adcode":"431381","name":"冷水江市"},{"adcode":"431382","name":"涟源市"},{"adcode":"433101","name":"吉首市"},{"adcode":"433122","name":"泸溪县"},{"adcode":"433123","name":"凤凰县"},{"adcode":"433124","name":"花垣县"},{"adcode":"433125","name":"保靖县"},{"adcode":"433126","name":"古丈县"},{"adcode":"433127","name":"永顺县"},{"adcode":"433130","name":"龙山县"}]