[{"adcode":"640104","name":"兴庆区"},{"adcode":"640105","name":"西夏区"},{"adcode":"640106","name":"金凤区"},{"adcode":"640121","name":"永宁县"},{"adcode":"640122","name":"贺兰县"},{"adcode":"640181","name":"灵武市"},{"adcode":"640202","name":"大武口区"},{"adcode":"640205","name":"惠农区"},{"adcode":"640221","name":"平罗县"},{"adcode":"640302","name":"利通区"},{"adcode":"640303","name":"红寺堡区"},{"adcode":"640323","name":"盐池县"},{"adcode":"640324","name":"同心县"},{"adcode":"640381","name":"青铜峡市"},{"adcode":"640402","name":"原州区"},{"adcode":"640422","name":"西吉县"},{"adcode":"640423","name":"隆德县"},{"adcode":"640424","name":"泾源县"},{"adcode":"640425","name":"彭阳县"},{"adcode":"640502","name":"沙坡头区"},{"adcode":"640521","name":"中宁县"},{"adcode":"640522","name":"海原县"}]