[{"adcode":"220102","name":"南关区"},{"adcode":"220103","name":"宽城区"},{"adcode":"220104","name":"朝阳区"},{"adcode":"220105","name":"二道区"},{"adcode":"220106","name":"绿园区"},{"adcode":"220112","name":"双阳区"},{"adcode":"220113","name":"九台区"},{"adcode":"220122","name":"农安县"},{"adcode":"220182","name":"榆树市"},{"adcode":"220183","name":"德惠市"},{"adcode":"220202","name":"昌邑区"},{"adcode":"220203","name":"龙潭区"},{"adcode":"220204","name":"船营区"},{"adcode":"220211","name":"丰满区"},{"adcode":"220221","name":"永吉县"},{"adcode":"220281","name":"蛟河市"},{"adcode":"220282","name":"桦甸市"},{"adcode":"220283","name":"舒兰市"},{"adcode":"220284","name":"磐石市"},{"adcode":"220302","name":"铁西区"},{"adcode":"220303","name":"铁东区"},{"adcode":"220322","name":"梨树县"},{"adcode":"220323","name":"伊通满族自治县"},{"adcode":"220381","name":"公主岭市"},{"adcode":"220382","name":"双辽市"},{"adcode":"220402","name":"龙山区"},{"adcode":"220403","name":"西安区"},{"adcode":"220421","name":"东丰县"},{"adcode":"220422","name":"东辽县"},{"adcode":"220502","name":"东昌区"},{"adcode":"220503","name":"二道江区"},{"adcode":"220521","name":"通化县"},{"adcode":"220523","name":"辉南县"},{"adcode":"220524","name":"柳河县"},{"adcode":"220581","name":"梅河口市"},{"adcode":"220582","name":"集安市"},{"adcode":"220602","name":"浑江区"},{"adcode":"220605","name":"江源区"},{"adcode":"220621","name":"抚松县"},{"adcode":"220622","name":"靖宇县"},{"adcode":"220623","name":"长白朝鲜族自治县"},{"adcode":"220681","name":"临江市"},{"adcode":"220702","name":"宁江区"},{"adcode":"220721","name":"前郭尔罗斯蒙古族自治县"},{"adcode":"220722","name":"长岭县"},{"adcode":"220723","name":"乾安县"},{"adcode":"220781","name":"扶余市"},{"adcode":"220802","name":"洮北区"},{"adcode":"220821","name":"镇赉县"},{"adcode":"220822","name":"通榆县"},{"adcode":"220881","name":"洮南市"},{"adcode":"220882","name":"大安市"},{"adcode":"222401","name":"延吉市"},{"adcode":"222402","name":"图们市"},{"adcode":"222403","name":"敦化市"},{"adcode":"222404","name":"珲春市"},{"adcode":"222405","name":"龙井市"},{"adcode":"222406","name":"和龙市"},{"adcode":"222424","name":"汪清县"},{"adcode":"222426","name":"安图县"}]