[{"adcode":"370100","name":"济南市"},{"adcode":"370200","name":"青岛市"},{"adcode":"370300","name":"淄博市"},{"adcode":"370400","name":"枣庄市"},{"adcode":"370500","name":"东营市"},{"adcode":"370600","name":"烟台市"},{"adcode":"370700","name":"潍坊市"},{"adcode":"370800","name":"济宁市"},{"adcode":"370900","name":"泰安市"},{"adcode":"371000","name":"威海市"},{"adcode":"371100","name":"日照市"},{"adcode":"371200","name":"莱芜市"},{"adcode":"371300","name":"临沂市"},{"adcode":"371400","name":"德州市"},{"adcode":"371500","name":"聊城市"},{"adcode":"371600","name":"滨州市"},{"adcode":"371700","name":"菏泽市"}]