[{"adcode":"630102","name":"城东区"},{"adcode":"630103","name":"城中区"},{"adcode":"630104","name":"城西区"},{"adcode":"630105","name":"城北区"},{"adcode":"630121","name":"大通回族土族自治县"},{"adcode":"630122","name":"湟中县"},{"adcode":"630123","name":"湟源县"},{"adcode":"630202","name":"乐都区"},{"adcode":"630203","name":"平安区"},{"adcode":"630222","name":"民和回族土族自治县"},{"adcode":"630223","name":"互助土族自治县"},{"adcode":"630224","name":"化隆回族自治县"},{"adcode":"630225","name":"循化撒拉族自治县"},{"adcode":"632221","name":"门源回族自治县"},{"adcode":"632222","name":"祁连县"},{"adcode":"632223","name":"海晏县"},{"adcode":"632224","name":"刚察县"},{"adcode":"632321","name":"同仁县"},{"adcode":"632322","name":"尖扎县"},{"adcode":"632323","name":"泽库县"},{"adcode":"632324","name":"河南蒙古族自治县"},{"adcode":"632521","name":"共和县"},{"adcode":"632522","name":"同德县"},{"adcode":"632523","name":"贵德县"},{"adcode":"632524","name":"兴海县"},{"adcode":"632525","name":"贵南县"},{"adcode":"632621","name":"玛沁县"},{"adcode":"632622","name":"班玛县"},{"adcode":"632623","name":"甘德县"},{"adcode":"632624","name":"达日县"},{"adcode":"632625","name":"久治县"},{"adcode":"632626","name":"玛多县"},{"adcode":"632701","name":"玉树市"},{"adcode":"632722","name":"杂多县"},{"adcode":"632723","name":"称多县"},{"adcode":"632724","name":"治多县"},{"adcode":"632725","name":"囊谦县"},{"adcode":"632726","name":"曲麻莱县"},{"adcode":"632801","name":"格尔木市"},{"adcode":"632802","name":"德令哈市"},{"adcode":"632821","name":"乌兰县"},{"adcode":"632822","name":"都兰县"},{"adcode":"632823","name":"天峻县"},{"adcode":"632825","name":"海西蒙古族藏族自治州直辖"}]