[{"adcode":"330102","name":"上城区"},{"adcode":"330103","name":"下城区"},{"adcode":"330104","name":"江干区"},{"adcode":"330105","name":"拱墅区"},{"adcode":"330106","name":"西湖区"},{"adcode":"330108","name":"滨江区"},{"adcode":"330109","name":"萧山区"},{"adcode":"330110","name":"余杭区"},{"adcode":"330111","name":"富阳区"},{"adcode":"330122","name":"桐庐县"},{"adcode":"330127","name":"淳安县"},{"adcode":"330182","name":"建德市"},{"adcode":"330185","name":"临安市"},{"adcode":"330203","name":"海曙区"},{"adcode":"330204","name":"江东区"},{"adcode":"330205","name":"江北区"},{"adcode":"330206","name":"北仑区"},{"adcode":"330211","name":"镇海区"},{"adcode":"330212","name":"鄞州区"},{"adcode":"330225","name":"象山县"},{"adcode":"330226","name":"宁海县"},{"adcode":"330281","name":"余姚市"},{"adcode":"330282","name":"慈溪市"},{"adcode":"330283","name":"奉化市"},{"adcode":"330302","name":"鹿城区"},{"adcode":"330303","name":"龙湾区"},{"adcode":"330304","name":"瓯海区"},{"adcode":"330305","name":"洞头区"},{"adcode":"330324","name":"永嘉县"},{"adcode":"330326","name":"平阳县"},{"adcode":"330327","name":"苍南县"},{"adcode":"330328","name":"文成县"},{"adcode":"330329","name":"泰顺县"},{"adcode":"330381","name":"瑞安市"},{"adcode":"330382","name":"乐清市"},{"adcode":"330402","name":"南湖区"},{"adcode":"330411","name":"秀洲区"},{"adcode":"330421","name":"嘉善县"},{"adcode":"330424","name":"海盐县"},{"adcode":"330481","name":"海宁市"},{"adcode":"330482","name":"平湖市"},{"adcode":"330483","name":"桐乡市"},{"adcode":"330502","name":"吴兴区"},{"adcode":"330503","name":"南浔区"},{"adcode":"330521","name":"德清县"},{"adcode":"330522","name":"长兴县"},{"adcode":"330523","name":"安吉县"},{"adcode":"330602","name":"越城区"},{"adcode":"330603","name":"柯桥区"},{"adcode":"330604","name":"上虞区"},{"adcode":"330624","name":"新昌县"},{"adcode":"330681","name":"诸暨市"},{"adcode":"330683","name":"嵊州市"},{"adcode":"330702","name":"婺城区"},{"adcode":"330703","name":"金东区"},{"adcode":"330723","name":"武义县"},{"adcode":"330726","name":"浦江县"},{"adcode":"330727","name":"磐安县"},{"adcode":"330781","name":"兰溪市"},{"adcode":"330782","name":"义乌市"},{"adcode":"330783","name":"东阳市"},{"adcode":"330784","name":"永康市"},{"adcode":"330802","name":"柯城区"},{"adcode":"330803","name":"衢江区"},{"adcode":"330822","name":"常山县"},{"adcode":"330824","name":"开化县"},{"adcode":"330825","name":"龙游县"},{"adcode":"330881","name":"江山市"},{"adcode":"330902","name":"定海区"},{"adcode":"330903","name":"普陀区"},{"adcode":"330921","name":"岱山县"},{"adcode":"330922","name":"嵊泗县"},{"adcode":"331002","name":"椒江区"},{"adcode":"331003","name":"黄岩区"},{"adcode":"331004","name":"路桥区"},{"adcode":"331021","name":"玉环县"},{"adcode":"331022","name":"三门县"},{"adcode":"331023","name":"天台县"},{"adcode":"331024","name":"仙居县"},{"adcode":"331081","name":"温岭市"},{"adcode":"331082","name":"临海市"},{"adcode":"331102","name":"莲都区"},{"adcode":"331121","name":"青田县"},{"adcode":"331122","name":"缙云县"},{"adcode":"331123","name":"遂昌县"},{"adcode":"331124","name":"松阳县"},{"adcode":"331125","name":"云和县"},{"adcode":"331126","name":"庆元县"},{"adcode":"331127","name":"景宁畲族自治县"},{"adcode":"331181","name":"龙泉市"}]