[{"adcode":"510104","name":"锦江区"},{"adcode":"510105","name":"青羊区"},{"adcode":"510106","name":"金牛区"},{"adcode":"510107","name":"武侯区"},{"adcode":"510108","name":"成华区"},{"adcode":"510112","name":"龙泉驿区"},{"adcode":"510113","name":"青白江区"},{"adcode":"510114","name":"新都区"},{"adcode":"510115","name":"温江区"},{"adcode":"510121","name":"金堂县"},{"adcode":"510122","name":"双流县"},{"adcode":"510124","name":"郫县"},{"adcode":"510129","name":"大邑县"},{"adcode":"510131","name":"蒲江县"},{"adcode":"510132","name":"新津县"},{"adcode":"510181","name":"都江堰市"},{"adcode":"510182","name":"彭州市"},{"adcode":"510183","name":"邛崃市"},{"adcode":"510184","name":"崇州市"},{"adcode":"510302","name":"自流井区"},{"adcode":"510303","name":"贡井区"},{"adcode":"510304","name":"大安区"},{"adcode":"510311","name":"沿滩区"},{"adcode":"510321","name":"荣县"},{"adcode":"510322","name":"富顺县"},{"adcode":"510402","name":"东区"},{"adcode":"510403","name":"西区"},{"adcode":"510411","name":"仁和区"},{"adcode":"510421","name":"米易县"},{"adcode":"510422","name":"盐边县"},{"adcode":"510502","name":"江阳区"},{"adcode":"510503","name":"纳溪区"},{"adcode":"510504","name":"龙马潭区"},{"adcode":"510521","name":"泸县"},{"adcode":"510522","name":"合江县"},{"adcode":"510524","name":"叙永县"},{"adcode":"510525","name":"古蔺县"},{"adcode":"510603","name":"旌阳区"},{"adcode":"510623","name":"中江县"},{"adcode":"510626","name":"罗江县"},{"adcode":"510681","name":"广汉市"},{"adcode":"510682","name":"什邡市"},{"adcode":"510683","name":"绵竹市"},{"adcode":"510703","name":"涪城区"},{"adcode":"510704","name":"游仙区"},{"adcode":"510722","name":"三台县"},{"adcode":"510723","name":"盐亭县"},{"adcode":"510724","name":"安县"},{"adcode":"510725","name":"梓潼县"},{"adcode":"510726","name":"北川羌族自治县"},{"adcode":"510727","name":"平武县"},{"adcode":"510781","name":"江油市"},{"adcode":"510802","name":"利州区"},{"adcode":"510811","name":"昭化区"},{"adcode":"510812","name":"朝天区"},{"adcode":"510821","name":"旺苍县"},{"adcode":"510822","name":"青川县"},{"adcode":"510823","name":"剑阁县"},{"adcode":"510824","name":"苍溪县"},{"adcode":"510903","name":"船山区"},{"adcode":"510904","name":"安居区"},{"adcode":"510921","name":"蓬溪县"},{"adcode":"510922","name":"射洪县"},{"adcode":"510923","name":"大英县"},{"adcode":"511002","name":"市中区"},{"adcode":"511011","name":"东兴区"},{"adcode":"511024","name":"威远县"},{"adcode":"511025","name":"资中县"},{"adcode":"511028","name":"隆昌县"},{"adcode":"511102","name":"市中区"},{"adcode":"511111","name":"沙湾区"},{"adcode":"511112","name":"五通桥区"},{"adcode":"511113","name":"金口河区"},{"adcode":"511123","name":"犍为县"},{"adcode":"511124","name":"井研县"},{"adcode":"511126","name":"夹江县"},{"adcode":"511129","name":"沐川县"},{"adcode":"511132","name":"峨边彝族自治县"},{"adcode":"511133","name":"马边彝族自治县"},{"adcode":"511181","name":"峨眉山市"},{"adcode":"511302","name":"顺庆区"},{"adcode":"511303","name":"高坪区"},{"adcode":"511304","name":"嘉陵区"},{"adcode":"511321","name":"南部县"},{"adcode":"511322","name":"营山县"},{"adcode":"511323","name":"蓬安县"},{"adcode":"511324","name":"仪陇县"},{"adcode":"511325","name":"西充县"},{"adcode":"511381","name":"阆中市"},{"adcode":"511402","name":"东坡区"},{"adcode":"511403","name":"彭山区"},{"adcode":"511421","name":"仁寿县"},{"adcode":"511423","name":"洪雅县"},{"adcode":"511424","name":"丹棱县"},{"adcode":"511425","name":"青神县"},{"adcode":"511502","name":"翠屏区"},{"adcode":"511503","name":"南溪区"},{"adcode":"511521","name":"宜宾县"},{"adcode":"511523","name":"江安县"},{"adcode":"511524","name":"长宁县"},{"adcode":"511525","name":"高县"},{"adcode":"511526","name":"珙县"},{"adcode":"511527","name":"筠连县"},{"adcode":"511528","name":"兴文县"},{"adcode":"511529","name":"屏山县"},{"adcode":"511602","name":"广安区"},{"adcode":"511603","name":"前锋区"},{"adcode":"511621","name":"岳池县"},{"adcode":"511622","name":"武胜县"},{"adcode":"511623","name":"邻水县"},{"adcode":"511681","name":"华蓥市"},{"adcode":"511702","name":"通川区"},{"adcode":"511703","name":"达川区"},{"adcode":"511722","name":"宣汉县"},{"adcode":"511723","name":"开江县"},{"adcode":"511724","name":"大竹县"},{"adcode":"511725","name":"渠县"},{"adcode":"511781","name":"万源市"},{"adcode":"511802","name":"雨城区"},{"adcode":"511803","name":"名山区"},{"adcode":"511822","name":"荥经县"},{"adcode":"511823","name":"汉源县"},{"adcode":"511824","name":"石棉县"},{"adcode":"511825","name":"天全县"},{"adcode":"511826","name":"芦山县"},{"adcode":"511827","name":"宝兴县"},{"adcode":"511902","name":"巴州区"},{"adcode":"511903","name":"恩阳区"},{"adcode":"511921","name":"通江县"},{"adcode":"511922","name":"南江县"},{"adcode":"511923","name":"平昌县"},{"adcode":"512002","name":"雁江区"},{"adcode":"512021","name":"安岳县"},{"adcode":"512022","name":"乐至县"},{"adcode":"512081","name":"简阳市"},{"adcode":"513221","name":"汶川县"},{"adcode":"513222","name":"理县"},{"adcode":"513223","name":"茂县"},{"adcode":"513224","name":"松潘县"},{"adcode":"513225","name":"九寨沟县"},{"adcode":"513226","name":"金川县"},{"adcode":"513227","name":"小金县"},{"adcode":"513228","name":"黑水县"},{"adcode":"513229","name":"马尔康县"},{"adcode":"513230","name":"壤塘县"},{"adcode":"513231","name":"阿坝县"},{"adcode":"513232","name":"若尔盖县"},{"adcode":"513233","name":"红原县"},{"adcode":"513301","name":"康定市"},{"adcode":"513322","name":"泸定县"},{"adcode":"513323","name":"丹巴县"},{"adcode":"513324","name":"九龙县"},{"adcode":"513325","name":"雅江县"},{"adcode":"513326","name":"道孚县"},{"adcode":"513327","name":"炉霍县"},{"adcode":"513328","name":"甘孜县"},{"adcode":"513329","name":"新龙县"},{"adcode":"513330","name":"德格县"},{"adcode":"513331","name":"白玉县"},{"adcode":"513332","name":"石渠县"},{"adcode":"513333","name":"色达县"},{"adcode":"513334","name":"理塘县"},{"adcode":"513335","name":"巴塘县"},{"adcode":"513336","name":"乡城县"},{"adcode":"513337","name":"稻城县"},{"adcode":"513338","name":"得荣县"},{"adcode":"513401","name":"西昌市"},{"adcode":"513422","name":"木里藏族自治县"},{"adcode":"513423","name":"盐源县"},{"adcode":"513424","name":"德昌县"},{"adcode":"513425","name":"会理县"},{"adcode":"513426","name":"会东县"},{"adcode":"513427","name":"宁南县"},{"adcode":"513428","name":"普格县"},{"adcode":"513429","name":"布拖县"},{"adcode":"513430","name":"金阳县"},{"adcode":"513431","name":"昭觉县"},{"adcode":"513432","name":"喜德县"},{"adcode":"513433","name":"冕宁县"},{"adcode":"513434","name":"越西县"},{"adcode":"513435","name":"甘洛县"},{"adcode":"513436","name":"美姑县"},{"adcode":"513437","name":"雷波县"}]