[{"adcode":"350102","name":"鼓楼区"},{"adcode":"350103","name":"台江区"},{"adcode":"350104","name":"仓山区"},{"adcode":"350105","name":"马尾区"},{"adcode":"350111","name":"晋安区"},{"adcode":"350121","name":"闽侯县"},{"adcode":"350122","name":"连江县"},{"adcode":"350123","name":"罗源县"},{"adcode":"350124","name":"闽清县"},{"adcode":"350125","name":"永泰县"},{"adcode":"350128","name":"平潭县"},{"adcode":"350181","name":"福清市"},{"adcode":"350182","name":"长乐市"},{"adcode":"350203","name":"思明区"},{"adcode":"350205","name":"海沧区"},{"adcode":"350206","name":"湖里区"},{"adcode":"350211","name":"集美区"},{"adcode":"350212","name":"同安区"},{"adcode":"350213","name":"翔安区"},{"adcode":"350302","name":"城厢区"},{"adcode":"350303","name":"涵江区"},{"adcode":"350304","name":"荔城区"},{"adcode":"350305","name":"秀屿区"},{"adcode":"350322","name":"仙游县"},{"adcode":"350402","name":"梅列区"},{"adcode":"350403","name":"三元区"},{"adcode":"350421","name":"明溪县"},{"adcode":"350423","name":"清流县"},{"adcode":"350424","name":"宁化县"},{"adcode":"350425","name":"大田县"},{"adcode":"350426","name":"尤溪县"},{"adcode":"350427","name":"沙县"},{"adcode":"350428","name":"将乐县"},{"adcode":"350429","name":"泰宁县"},{"adcode":"350430","name":"建宁县"},{"adcode":"350481","name":"永安市"},{"adcode":"350502","name":"鲤城区"},{"adcode":"350503","name":"丰泽区"},{"adcode":"350504","name":"洛江区"},{"adcode":"350505","name":"泉港区"},{"adcode":"350521","name":"惠安县"},{"adcode":"350524","name":"安溪县"},{"adcode":"350525","name":"永春县"},{"adcode":"350526","name":"德化县"},{"adcode":"350527","name":"金门县"},{"adcode":"350581","name":"石狮市"},{"adcode":"350582","name":"晋江市"},{"adcode":"350583","name":"南安市"},{"adcode":"350602","name":"芗城区"},{"adcode":"350603","name":"龙文区"},{"adcode":"350622","name":"云霄县"},{"adcode":"350623","name":"漳浦县"},{"adcode":"350624","name":"诏安县"},{"adcode":"350625","name":"长泰县"},{"adcode":"350626","name":"东山县"},{"adcode":"350627","name":"南靖县"},{"adcode":"350628","name":"平和县"},{"adcode":"350629","name":"华安县"},{"adcode":"350681","name":"龙海市"},{"adcode":"350702","name":"延平区"},{"adcode":"350703","name":"建阳区"},{"adcode":"350721","name":"顺昌县"},{"adcode":"350722","name":"浦城县"},{"adcode":"350723","name":"光泽县"},{"adcode":"350724","name":"松溪县"},{"adcode":"350725","name":"政和县"},{"adcode":"350781","name":"邵武市"},{"adcode":"350782","name":"武夷山市"},{"adcode":"350783","name":"建瓯市"},{"adcode":"350802","name":"新罗区"},{"adcode":"350803","name":"永定区"},{"adcode":"350821","name":"长汀县"},{"adcode":"350823","name":"上杭县"},{"adcode":"350824","name":"武平县"},{"adcode":"350825","name":"连城县"},{"adcode":"350881","name":"漳平市"},{"adcode":"350902","name":"蕉城区"},{"adcode":"350921","name":"霞浦县"},{"adcode":"350922","name":"古田县"},{"adcode":"350923","name":"屏南县"},{"adcode":"350924","name":"寿宁县"},{"adcode":"350925","name":"周宁县"},{"adcode":"350926","name":"柘荣县"},{"adcode":"350981","name":"福安市"},{"adcode":"350982","name":"福鼎市"}]