[{"adcode":"530100","name":"昆明市"},{"adcode":"530300","name":"曲靖市"},{"adcode":"530400","name":"玉溪市"},{"adcode":"530500","name":"保山市"},{"adcode":"530600","name":"昭通市"},{"adcode":"530700","name":"丽江市"},{"adcode":"530800","name":"普洱市"},{"adcode":"530900","name":"临沧市"},{"adcode":"532300","name":"楚雄彝族自治州"},{"adcode":"532500","name":"红河哈尼族彝族自治州"},{"adcode":"532600","name":"文山壮族苗族自治州"},{"adcode":"532800","name":"西双版纳傣族自治州"},{"adcode":"532900","name":"大理白族自治州"},{"adcode":"533100","name":"德宏傣族景颇族自治州"},{"adcode":"533300","name":"怒江傈僳族自治州"},{"adcode":"533400","name":"迪庆藏族自治州"}]