[{"adcode":"130102","name":"长安区"},{"adcode":"130104","name":"桥西区"},{"adcode":"130105","name":"新华区"},{"adcode":"130107","name":"井陉矿区"},{"adcode":"130108","name":"裕华区"},{"adcode":"130109","name":"藁城区"},{"adcode":"130110","name":"鹿泉区"},{"adcode":"130111","name":"栾城区"},{"adcode":"130121","name":"井陉县"},{"adcode":"130123","name":"正定县"},{"adcode":"130125","name":"行唐县"},{"adcode":"130126","name":"灵寿县"},{"adcode":"130127","name":"高邑县"},{"adcode":"130128","name":"深泽县"},{"adcode":"130129","name":"赞皇县"},{"adcode":"130130","name":"无极县"},{"adcode":"130131","name":"平山县"},{"adcode":"130132","name":"元氏县"},{"adcode":"130133","name":"赵县"},{"adcode":"130181","name":"辛集市"},{"adcode":"130183","name":"晋州市"},{"adcode":"130184","name":"新乐市"},{"adcode":"130202","name":"路南区"},{"adcode":"130203","name":"路北区"},{"adcode":"130204","name":"古冶区"},{"adcode":"130205","name":"开平区"},{"adcode":"130207","name":"丰南区"},{"adcode":"130208","name":"丰润区"},{"adcode":"130209","name":"曹妃甸区"},{"adcode":"130223","name":"滦县"},{"adcode":"130224","name":"滦南县"},{"adcode":"130225","name":"乐亭县"},{"adcode":"130227","name":"迁西县"},{"adcode":"130229","name":"玉田县"},{"adcode":"130281","name":"遵化市"},{"adcode":"130283","name":"迁安市"},{"adcode":"130302","name":"海港区"},{"adcode":"130303","name":"山海关区"},{"adcode":"130304","name":"北戴河区"},{"adcode":"130306","name":"抚宁区"},{"adcode":"130321","name":"青龙满族自治县"},{"adcode":"130322","name":"昌黎县"},{"adcode":"130324","name":"卢龙县"},{"adcode":"130402","name":"邯山区"},{"adcode":"130403","name":"丛台区"},{"adcode":"130404","name":"复兴区"},{"adcode":"130406","name":"峰峰矿区"},{"adcode":"130421","name":"邯郸县"},{"adcode":"130423","name":"临漳县"},{"adcode":"130424","name":"成安县"},{"adcode":"130425","name":"大名县"},{"adcode":"130426","name":"涉县"},{"adcode":"130427","name":"磁县"},{"adcode":"130428","name":"肥乡县"},{"adcode":"130429","name":"永年县"},{"adcode":"130430","name":"邱县"},{"adcode":"130431","name":"鸡泽县"},{"adcode":"130432","name":"广平县"},{"adcode":"130433","name":"馆陶县"},{"adcode":"130434","name":"魏县"},{"adcode":"130435","name":"曲周县"},{"adcode":"130481","name":"武安市"},{"adcode":"130502","name":"桥东区"},{"adcode":"130503","name":"桥西区"},{"adcode":"130521","name":"邢台县"},{"adcode":"130522","name":"临城县"},{"adcode":"130523","name":"内丘县"},{"adcode":"130524","name":"柏乡县"},{"adcode":"130525","name":"隆尧县"},{"adcode":"130526","name":"任县"},{"adcode":"130527","name":"南和县"},{"adcode":"130528","name":"宁晋县"},{"adcode":"130529","name":"巨鹿县"},{"adcode":"130530","name":"新河县"},{"adcode":"130531","name":"广宗县"},{"adcode":"130532","name":"平乡县"},{"adcode":"130533","name":"威县"},{"adcode":"130534","name":"清河县"},{"adcode":"130535","name":"临西县"},{"adcode":"130581","name":"南宫市"},{"adcode":"130582","name":"沙河市"},{"adcode":"130602","name":"竞秀区"},{"adcode":"130606","name":"莲池区"},{"adcode":"130607","name":"满城区"},{"adcode":"130608","name":"清苑区"},{"adcode":"130609","name":"徐水区"},{"adcode":"130623","name":"涞水县"},{"adcode":"130624","name":"阜平县"},{"adcode":"130626","name":"定兴县"},{"adcode":"130627","name":"唐县"},{"adcode":"130628","name":"高阳县"},{"adcode":"130629","name":"容城县"},{"adcode":"130630","name":"涞源县"},{"adcode":"130631","name":"望都县"},{"adcode":"130632","name":"安新县"},{"adcode":"130633","name":"易县"},{"adcode":"130634","name":"曲阳县"},{"adcode":"130635","name":"蠡县"},{"adcode":"130636","name":"顺平县"},{"adcode":"130637","name":"博野县"},{"adcode":"130638","name":"雄县"},{"adcode":"130681","name":"涿州市"},{"adcode":"130682","name":"定州市"},{"adcode":"130683","name":"安国市"},{"adcode":"130684","name":"高碑店市"},{"adcode":"130702","name":"桥东区"},{"adcode":"130703","name":"桥西区"},{"adcode":"130705","name":"宣化区"},{"adcode":"130706","name":"下花园区"},{"adcode":"130721","name":"宣化县"},{"adcode":"130722","name":"张北县"},{"adcode":"130723","name":"康保县"},{"adcode":"130724","name":"沽源县"},{"adcode":"130725","name":"尚义县"},{"adcode":"130726","name":"蔚县"},{"adcode":"130727","name":"阳原县"},{"adcode":"130728","name":"怀安县"},{"adcode":"130729","name":"万全县"},{"adcode":"130730","name":"怀来县"},{"adcode":"130731","name":"涿鹿县"},{"adcode":"130732","name":"赤城县"},{"adcode":"130733","name":"崇礼县"},{"adcode":"130802","name":"双桥区"},{"adcode":"130803","name":"双滦区"},{"adcode":"130804","name":"鹰手营子矿区"},{"adcode":"130821","name":"承德县"},{"adcode":"130822","name":"兴隆县"},{"adcode":"130823","name":"平泉县"},{"adcode":"130824","name":"滦平县"},{"adcode":"130825","name":"隆化县"},{"adcode":"130826","name":"丰宁满族自治县"},{"adcode":"130827","name":"宽城满族自治县"},{"adcode":"130828","name":"围场满族蒙古族自治县"},{"adcode":"130902","name":"新华区"},{"adcode":"130903","name":"运河区"},{"adcode":"130921","name":"沧县"},{"adcode":"130922","name":"青县"},{"adcode":"130923","name":"东光县"},{"adcode":"130924","name":"海兴县"},{"adcode":"130925","name":"盐山县"},{"adcode":"130926","name":"肃宁县"},{"adcode":"130927","name":"南皮县"},{"adcode":"130928","name":"吴桥县"},{"adcode":"130929","name":"献县"},{"adcode":"130930","name":"孟村回族自治县"},{"adcode":"130981","name":"泊头市"},{"adcode":"130982","name":"任丘市"},{"adcode":"130983","name":"黄骅市"},{"adcode":"130984","name":"河间市"},{"adcode":"131002","name":"安次区"},{"adcode":"131003","name":"广阳区"},{"adcode":"131022","name":"固安县"},{"adcode":"131023","name":"永清县"},{"adcode":"131024","name":"香河县"},{"adcode":"131025","name":"大城县"},{"adcode":"131026","name":"文安县"},{"adcode":"131028","name":"大厂回族自治县"},{"adcode":"131081","name":"霸州市"},{"adcode":"131082","name":"三河市"},{"adcode":"131102","name":"桃城区"},{"adcode":"131121","name":"枣强县"},{"adcode":"131122","name":"武邑县"},{"adcode":"131123","name":"武强县"},{"adcode":"131124","name":"饶阳县"},{"adcode":"131125","name":"安平县"},{"adcode":"131126","name":"故城县"},{"adcode":"131127","name":"景县"},{"adcode":"131128","name":"阜城县"},{"adcode":"131181","name":"冀州市"},{"adcode":"131182","name":"深州市"}]