[{"adcode":"150100","name":"呼和浩特市"},{"adcode":"150200","name":"包头市"},{"adcode":"150300","name":"乌海市"},{"adcode":"150400","name":"赤峰市"},{"adcode":"150500","name":"通辽市"},{"adcode":"150600","name":"鄂尔多斯市"},{"adcode":"150700","name":"呼伦贝尔市"},{"adcode":"150800","name":"巴彦淖尔市"},{"adcode":"150900","name":"乌兰察布市"},{"adcode":"152200","name":"兴安盟"},{"adcode":"152500","name":"锡林郭勒盟"},{"adcode":"152900","name":"阿拉善盟"}]