[{"adcode":"230100","name":"哈尔滨市"},{"adcode":"230200","name":"齐齐哈尔市"},{"adcode":"230300","name":"鸡西市"},{"adcode":"230400","name":"鹤岗市"},{"adcode":"230500","name":"双鸭山市"},{"adcode":"230600","name":"大庆市"},{"adcode":"230700","name":"伊春市"},{"adcode":"230800","name":"佳木斯市"},{"adcode":"230900","name":"七台河市"},{"adcode":"231000","name":"牡丹江市"},{"adcode":"231100","name":"黑河市"},{"adcode":"231200","name":"绥化市"},{"adcode":"232700","name":"大兴安岭地区"}]