[{"adcode":"120101","name":"和平区"},{"adcode":"120102","name":"河东区"},{"adcode":"120103","name":"河西区"},{"adcode":"120104","name":"南开区"},{"adcode":"120105","name":"河北区"},{"adcode":"120106","name":"红桥区"},{"adcode":"120110","name":"东丽区"},{"adcode":"120111","name":"西青区"},{"adcode":"120112","name":"津南区"},{"adcode":"120113","name":"北辰区"},{"adcode":"120114","name":"武清区"},{"adcode":"120115","name":"宝坻区"},{"adcode":"120116","name":"滨海新区"},{"adcode":"120117","name":"宁河区"},{"adcode":"120118","name":"静海区"},{"adcode":"120225","name":"蓟县"}]