[{"adcode":"440103","name":"荔湾区"},{"adcode":"440104","name":"越秀区"},{"adcode":"440105","name":"海珠区"},{"adcode":"440106","name":"天河区"},{"adcode":"440111","name":"白云区"},{"adcode":"440112","name":"黄埔区"},{"adcode":"440113","name":"番禺区"},{"adcode":"440114","name":"花都区"},{"adcode":"440115","name":"南沙区"},{"adcode":"440117","name":"从化区"},{"adcode":"440118","name":"增城区"},{"adcode":"440203","name":"武江区"},{"adcode":"440204","name":"浈江区"},{"adcode":"440205","name":"曲江区"},{"adcode":"440222","name":"始兴县"},{"adcode":"440224","name":"仁化县"},{"adcode":"440229","name":"翁源县"},{"adcode":"440232","name":"乳源瑶族自治县"},{"adcode":"440233","name":"新丰县"},{"adcode":"440281","name":"乐昌市"},{"adcode":"440282","name":"南雄市"},{"adcode":"440303","name":"罗湖区"},{"adcode":"440304","name":"福田区"},{"adcode":"440305","name":"南山区"},{"adcode":"440306","name":"宝安区"},{"adcode":"440307","name":"龙岗区"},{"adcode":"440308","name":"盐田区"},{"adcode":"440402","name":"香洲区"},{"adcode":"440403","name":"斗门区"},{"adcode":"440404","name":"金湾区"},{"adcode":"440507","name":"龙湖区"},{"adcode":"440511","name":"金平区"},{"adcode":"440512","name":"濠江区"},{"adcode":"440513","name":"潮阳区"},{"adcode":"440514","name":"潮南区"},{"adcode":"440515","name":"澄海区"},{"adcode":"440523","name":"南澳县"},{"adcode":"440604","name":"禅城区"},{"adcode":"440605","name":"南海区"},{"adcode":"440606","name":"顺德区"},{"adcode":"440607","name":"三水区"},{"adcode":"440608","name":"高明区"},{"adcode":"440703","name":"蓬江区"},{"adcode":"440704","name":"江海区"},{"adcode":"440705","name":"新会区"},{"adcode":"440781","name":"台山市"},{"adcode":"440783","name":"开平市"},{"adcode":"440784","name":"鹤山市"},{"adcode":"440785","name":"恩平市"},{"adcode":"440802","name":"赤坎区"},{"adcode":"440803","name":"霞山区"},{"adcode":"440804","name":"坡头区"},{"adcode":"440811","name":"麻章区"},{"adcode":"440823","name":"遂溪县"},{"adcode":"440825","name":"徐闻县"},{"adcode":"440881","name":"廉江市"},{"adcode":"440882","name":"雷州市"},{"adcode":"440883","name":"吴川市"},{"adcode":"440902","name":"茂南区"},{"adcode":"440904","name":"电白区"},{"adcode":"440981","name":"高州市"},{"adcode":"440982","name":"化州市"},{"adcode":"440983","name":"信宜市"},{"adcode":"441202","name":"端州区"},{"adcode":"441203","name":"鼎湖区"},{"adcode":"441204","name":"高要区"},{"adcode":"441223","name":"广宁县"},{"adcode":"441224","name":"怀集县"},{"adcode":"441225","name":"封开县"},{"adcode":"441226","name":"德庆县"},{"adcode":"441284","name":"四会市"},{"adcode":"441302","name":"惠城区"},{"adcode":"441303","name":"惠阳区"},{"adcode":"441322","name":"博罗县"},{"adcode":"441323","name":"惠东县"},{"adcode":"441324","name":"龙门县"},{"adcode":"441402","name":"梅江区"},{"adcode":"441403","name":"梅县区"},{"adcode":"441422","name":"大埔县"},{"adcode":"441423","name":"丰顺县"},{"adcode":"441424","name":"五华县"},{"adcode":"441426","name":"平远县"},{"adcode":"441427","name":"蕉岭县"},{"adcode":"441481","name":"兴宁市"},{"adcode":"441502","name":"城区"},{"adcode":"441521","name":"海丰县"},{"adcode":"441523","name":"陆河县"},{"adcode":"441581","name":"陆丰市"},{"adcode":"441602","name":"源城区"},{"adcode":"441621","name":"紫金县"},{"adcode":"441622","name":"龙川县"},{"adcode":"441623","name":"连平县"},{"adcode":"441624","name":"和平县"},{"adcode":"441625","name":"东源县"},{"adcode":"441702","name":"江城区"},{"adcode":"441704","name":"阳东区"},{"adcode":"441721","name":"阳西县"},{"adcode":"441781","name":"阳春市"},{"adcode":"441802","name":"清城区"},{"adcode":"441803","name":"清新区"},{"adcode":"441821","name":"佛冈县"},{"adcode":"441823","name":"阳山县"},{"adcode":"441825","name":"连山壮族瑶族自治县"},{"adcode":"441826","name":"连南瑶族自治县"},{"adcode":"441881","name":"英德市"},{"adcode":"441882","name":"连州市"},{"adcode":"445102","name":"湘桥区"},{"adcode":"445103","name":"潮安区"},{"adcode":"445122","name":"饶平县"},{"adcode":"445202","name":"榕城区"},{"adcode":"445203","name":"揭东区"},{"adcode":"445222","name":"揭西县"},{"adcode":"445224","name":"惠来县"},{"adcode":"445281","name":"普宁市"},{"adcode":"445302","name":"云城区"},{"adcode":"445303","name":"云安区"},{"adcode":"445321","name":"新兴县"},{"adcode":"445322","name":"郁南县"},{"adcode":"445381","name":"罗定市"}]