[{"adcode":"340102","name":"瑶海区"},{"adcode":"340103","name":"庐阳区"},{"adcode":"340104","name":"蜀山区"},{"adcode":"340111","name":"包河区"},{"adcode":"340121","name":"长丰县"},{"adcode":"340122","name":"肥东县"},{"adcode":"340123","name":"肥西县"},{"adcode":"340124","name":"庐江县"},{"adcode":"340181","name":"巢湖市"},{"adcode":"340202","name":"镜湖区"},{"adcode":"340203","name":"弋江区"},{"adcode":"340207","name":"鸠江区"},{"adcode":"340208","name":"三山区"},{"adcode":"340221","name":"芜湖县"},{"adcode":"340222","name":"繁昌县"},{"adcode":"340223","name":"南陵县"},{"adcode":"340225","name":"无为县"},{"adcode":"340302","name":"龙子湖区"},{"adcode":"340303","name":"蚌山区"},{"adcode":"340304","name":"禹会区"},{"adcode":"340311","name":"淮上区"},{"adcode":"340321","name":"怀远县"},{"adcode":"340322","name":"五河县"},{"adcode":"340323","name":"固镇县"},{"adcode":"340402","name":"大通区"},{"adcode":"340403","name":"田家庵区"},{"adcode":"340404","name":"谢家集区"},{"adcode":"340405","name":"八公山区"},{"adcode":"340406","name":"潘集区"},{"adcode":"340421","name":"凤台县"},{"adcode":"340503","name":"花山区"},{"adcode":"340504","name":"雨山区"},{"adcode":"340506","name":"博望区"},{"adcode":"340521","name":"当涂县"},{"adcode":"340522","name":"含山县"},{"adcode":"340523","name":"和县"},{"adcode":"340602","name":"杜集区"},{"adcode":"340603","name":"相山区"},{"adcode":"340604","name":"烈山区"},{"adcode":"340621","name":"濉溪县"},{"adcode":"340702","name":"铜官山区"},{"adcode":"340703","name":"狮子山区"},{"adcode":"340711","name":"郊区"},{"adcode":"340721","name":"铜陵县"},{"adcode":"340802","name":"迎江区"},{"adcode":"340803","name":"大观区"},{"adcode":"340811","name":"宜秀区"},{"adcode":"340822","name":"怀宁县"},{"adcode":"340823","name":"枞阳县"},{"adcode":"340824","name":"潜山县"},{"adcode":"340825","name":"太湖县"},{"adcode":"340826","name":"宿松县"},{"adcode":"340827","name":"望江县"},{"adcode":"340828","name":"岳西县"},{"adcode":"340881","name":"桐城市"},{"adcode":"341002","name":"屯溪区"},{"adcode":"341003","name":"黄山区"},{"adcode":"341004","name":"徽州区"},{"adcode":"341021","name":"歙县"},{"adcode":"341022","name":"休宁县"},{"adcode":"341023","name":"黟县"},{"adcode":"341024","name":"祁门县"},{"adcode":"341102","name":"琅琊区"},{"adcode":"341103","name":"南谯区"},{"adcode":"341122","name":"来安县"},{"adcode":"341124","name":"全椒县"},{"adcode":"341125","name":"定远县"},{"adcode":"341126","name":"凤阳县"},{"adcode":"341181","name":"天长市"},{"adcode":"341182","name":"明光市"},{"adcode":"341202","name":"颍州区"},{"adcode":"341203","name":"颍东区"},{"adcode":"341204","name":"颍泉区"},{"adcode":"341221","name":"临泉县"},{"adcode":"341222","name":"太和县"},{"adcode":"341225","name":"阜南县"},{"adcode":"341226","name":"颍上县"},{"adcode":"341282","name":"界首市"},{"adcode":"341302","name":"埇桥区"},{"adcode":"341321","name":"砀山县"},{"adcode":"341322","name":"萧县"},{"adcode":"341323","name":"灵璧县"},{"adcode":"341324","name":"泗县"},{"adcode":"341502","name":"金安区"},{"adcode":"341503","name":"裕安区"},{"adcode":"341521","name":"寿县"},{"adcode":"341522","name":"霍邱县"},{"adcode":"341523","name":"舒城县"},{"adcode":"341524","name":"金寨县"},{"adcode":"341525","name":"霍山县"},{"adcode":"341602","name":"谯城区"},{"adcode":"341621","name":"涡阳县"},{"adcode":"341622","name":"蒙城县"},{"adcode":"341623","name":"利辛县"},{"adcode":"341702","name":"贵池区"},{"adcode":"341721","name":"东至县"},{"adcode":"341722","name":"石台县"},{"adcode":"341723","name":"青阳县"},{"adcode":"341802","name":"宣州区"},{"adcode":"341821","name":"郎溪县"},{"adcode":"341822","name":"广德县"},{"adcode":"341823","name":"泾县"},{"adcode":"341824","name":"绩溪县"},{"adcode":"341825","name":"旌德县"},{"adcode":"341881","name":"宁国市"}]