[{"adcode":"650102","name":"天山区"},{"adcode":"650103","name":"沙依巴克区"},{"adcode":"650104","name":"新市区"},{"adcode":"650105","name":"水磨沟区"},{"adcode":"650106","name":"头屯河区"},{"adcode":"650107","name":"达坂城区"},{"adcode":"650109","name":"米东区"},{"adcode":"650121","name":"乌鲁木齐县"},{"adcode":"650202","name":"独山子区"},{"adcode":"650203","name":"克拉玛依区"},{"adcode":"650204","name":"白碱滩区"},{"adcode":"650205","name":"乌尔禾区"},{"adcode":"650402","name":"高昌区"},{"adcode":"650421","name":"鄯善县"},{"adcode":"650422","name":"托克逊县"},{"adcode":"652201","name":"哈密市"},{"adcode":"652222","name":"巴里坤哈萨克自治县"},{"adcode":"652223","name":"伊吾县"},{"adcode":"652301","name":"昌吉市"},{"adcode":"652302","name":"阜康市"},{"adcode":"652323","name":"呼图壁县"},{"adcode":"652324","name":"玛纳斯县"},{"adcode":"652325","name":"奇台县"},{"adcode":"652327","name":"吉木萨尔县"},{"adcode":"652328","name":"木垒哈萨克自治县"},{"adcode":"652701","name":"博乐市"},{"adcode":"652702","name":"阿拉山口市"},{"adcode":"652722","name":"精河县"},{"adcode":"652723","name":"温泉县"},{"adcode":"652801","name":"库尔勒市"},{"adcode":"652822","name":"轮台县"},{"adcode":"652823","name":"尉犁县"},{"adcode":"652824","name":"若羌县"},{"adcode":"652825","name":"且末县"},{"adcode":"652826","name":"焉耆回族自治县"},{"adcode":"652827","name":"和静县"},{"adcode":"652828","name":"和硕县"},{"adcode":"652829","name":"博湖县"},{"adcode":"652901","name":"阿克苏市"},{"adcode":"652922","name":"温宿县"},{"adcode":"652923","name":"库车县"},{"adcode":"652924","name":"沙雅县"},{"adcode":"652925","name":"新和县"},{"adcode":"652926","name":"拜城县"},{"adcode":"652927","name":"乌什县"},{"adcode":"652928","name":"阿瓦提县"},{"adcode":"652929","name":"柯坪县"},{"adcode":"653001","name":"阿图什市"},{"adcode":"653022","name":"阿克陶县"},{"adcode":"653023","name":"阿合奇县"},{"adcode":"653024","name":"乌恰县"},{"adcode":"653101","name":"喀什市"},{"adcode":"653121","name":"疏附县"},{"adcode":"653122","name":"疏勒县"},{"adcode":"653123","name":"英吉沙县"},{"adcode":"653124","name":"泽普县"},{"adcode":"653125","name":"莎车县"},{"adcode":"653126","name":"叶城县"},{"adcode":"653127","name":"麦盖提县"},{"adcode":"653128","name":"岳普湖县"},{"adcode":"653129","name":"伽师县"},{"adcode":"653130","name":"巴楚县"},{"adcode":"653131","name":"塔什库尔干塔吉克自治县"},{"adcode":"653201","name":"和田市"},{"adcode":"653221","name":"和田县"},{"adcode":"653222","name":"墨玉县"},{"adcode":"653223","name":"皮山县"},{"adcode":"653224","name":"洛浦县"},{"adcode":"653225","name":"策勒县"},{"adcode":"653226","name":"于田县"},{"adcode":"653227","name":"民丰县"},{"adcode":"654002","name":"伊宁市"},{"adcode":"654003","name":"奎屯市"},{"adcode":"654004","name":"霍尔果斯市"},{"adcode":"654021","name":"伊宁县"},{"adcode":"654022","name":"察布查尔锡伯自治县"},{"adcode":"654023","name":"霍城县"},{"adcode":"654024","name":"巩留县"},{"adcode":"654025","name":"新源县"},{"adcode":"654026","name":"昭苏县"},{"adcode":"654027","name":"特克斯县"},{"adcode":"654028","name":"尼勒克县"},{"adcode":"654201","name":"塔城市"},{"adcode":"654202","name":"乌苏市"},{"adcode":"654221","name":"额敏县"},{"adcode":"654223","name":"沙湾县"},{"adcode":"654224","name":"托里县"},{"adcode":"654225","name":"裕民县"},{"adcode":"654226","name":"和布克赛尔蒙古自治县"},{"adcode":"654301","name":"阿勒泰市"},{"adcode":"654321","name":"布尔津县"},{"adcode":"654322","name":"富蕴县"},{"adcode":"654323","name":"福海县"},{"adcode":"654324","name":"哈巴河县"},{"adcode":"654325","name":"青河县"},{"adcode":"654326","name":"吉木乃县"}]