[{"adcode":"460100","name":"海口市"},{"adcode":"460200","name":"三亚市"},{"adcode":"460300","name":"三沙市"},{"adcode":"460400","name":"儋州市"},{"adcode":"469001","name":"五指山市"},{"adcode":"469002","name":"琼海市"},{"adcode":"469005","name":"文昌市"},{"adcode":"469006","name":"万宁市"},{"adcode":"469007","name":"东方市"},{"adcode":"469021","name":"定安县"},{"adcode":"469022","name":"屯昌县"},{"adcode":"469023","name":"澄迈县"},{"adcode":"469024","name":"临高县"},{"adcode":"469025","name":"白沙黎族自治县"},{"adcode":"469026","name":"昌江黎族自治县"},{"adcode":"469027","name":"乐东黎族自治县"},{"adcode":"469028","name":"陵水黎族自治县"},{"adcode":"469029","name":"保亭黎族苗族自治县"},{"adcode":"469030","name":"琼中黎族苗族自治县"}]