[{"adcode":"370102","name":"历下区"},{"adcode":"370103","name":"市中区"},{"adcode":"370104","name":"槐荫区"},{"adcode":"370105","name":"天桥区"},{"adcode":"370112","name":"历城区"},{"adcode":"370113","name":"长清区"},{"adcode":"370124","name":"平阴县"},{"adcode":"370125","name":"济阳县"},{"adcode":"370126","name":"商河县"},{"adcode":"370181","name":"章丘市"},{"adcode":"370202","name":"市南区"},{"adcode":"370203","name":"市北区"},{"adcode":"370211","name":"黄岛区"},{"adcode":"370212","name":"崂山区"},{"adcode":"370213","name":"李沧区"},{"adcode":"370214","name":"城阳区"},{"adcode":"370281","name":"胶州市"},{"adcode":"370282","name":"即墨市"},{"adcode":"370283","name":"平度市"},{"adcode":"370285","name":"莱西市"},{"adcode":"370302","name":"淄川区"},{"adcode":"370303","name":"张店区"},{"adcode":"370304","name":"博山区"},{"adcode":"370305","name":"临淄区"},{"adcode":"370306","name":"周村区"},{"adcode":"370321","name":"桓台县"},{"adcode":"370322","name":"高青县"},{"adcode":"370323","name":"沂源县"},{"adcode":"370402","name":"市中区"},{"adcode":"370403","name":"薛城区"},{"adcode":"370404","name":"峄城区"},{"adcode":"370405","name":"台儿庄区"},{"adcode":"370406","name":"山亭区"},{"adcode":"370481","name":"滕州市"},{"adcode":"370502","name":"东营区"},{"adcode":"370503","name":"河口区"},{"adcode":"370521","name":"垦利县"},{"adcode":"370522","name":"利津县"},{"adcode":"370523","name":"广饶县"},{"adcode":"370602","name":"芝罘区"},{"adcode":"370611","name":"福山区"},{"adcode":"370612","name":"牟平区"},{"adcode":"370613","name":"莱山区"},{"adcode":"370634","name":"长岛县"},{"adcode":"370681","name":"龙口市"},{"adcode":"370682","name":"莱阳市"},{"adcode":"370683","name":"莱州市"},{"adcode":"370684","name":"蓬莱市"},{"adcode":"370685","name":"招远市"},{"adcode":"370686","name":"栖霞市"},{"adcode":"370687","name":"海阳市"},{"adcode":"370702","name":"潍城区"},{"adcode":"370703","name":"寒亭区"},{"adcode":"370704","name":"坊子区"},{"adcode":"370705","name":"奎文区"},{"adcode":"370724","name":"临朐县"},{"adcode":"370725","name":"昌乐县"},{"adcode":"370781","name":"青州市"},{"adcode":"370782","name":"诸城市"},{"adcode":"370783","name":"寿光市"},{"adcode":"370784","name":"安丘市"},{"adcode":"370785","name":"高密市"},{"adcode":"370786","name":"昌邑市"},{"adcode":"370811","name":"任城区"},{"adcode":"370812","name":"兖州区"},{"adcode":"370826","name":"微山县"},{"adcode":"370827","name":"鱼台县"},{"adcode":"370828","name":"金乡县"},{"adcode":"370829","name":"嘉祥县"},{"adcode":"370830","name":"汶上县"},{"adcode":"370831","name":"泗水县"},{"adcode":"370832","name":"梁山县"},{"adcode":"370881","name":"曲阜市"},{"adcode":"370883","name":"邹城市"},{"adcode":"370902","name":"泰山区"},{"adcode":"370911","name":"岱岳区"},{"adcode":"370921","name":"宁阳县"},{"adcode":"370923","name":"东平县"},{"adcode":"370982","name":"新泰市"},{"adcode":"370983","name":"肥城市"},{"adcode":"371002","name":"环翠区"},{"adcode":"371003","name":"文登区"},{"adcode":"371082","name":"荣成市"},{"adcode":"371083","name":"乳山市"},{"adcode":"371102","name":"东港区"},{"adcode":"371103","name":"岚山区"},{"adcode":"371121","name":"五莲县"},{"adcode":"371122","name":"莒县"},{"adcode":"371202","name":"莱城区"},{"adcode":"371203","name":"钢城区"},{"adcode":"371302","name":"兰山区"},{"adcode":"371311","name":"罗庄区"},{"adcode":"371312","name":"河东区"},{"adcode":"371321","name":"沂南县"},{"adcode":"371322","name":"郯城县"},{"adcode":"371323","name":"沂水县"},{"adcode":"371324","name":"兰陵县"},{"adcode":"371325","name":"费县"},{"adcode":"371326","name":"平邑县"},{"adcode":"371327","name":"莒南县"},{"adcode":"371328","name":"蒙阴县"},{"adcode":"371329","name":"临沭县"},{"adcode":"371402","name":"德城区"},{"adcode":"371403","name":"陵城区"},{"adcode":"371422","name":"宁津县"},{"adcode":"371423","name":"庆云县"},{"adcode":"371424","name":"临邑县"},{"adcode":"371425","name":"齐河县"},{"adcode":"371426","name":"平原县"},{"adcode":"371427","name":"夏津县"},{"adcode":"371428","name":"武城县"},{"adcode":"371481","name":"乐陵市"},{"adcode":"371482","name":"禹城市"},{"adcode":"371502","name":"东昌府区"},{"adcode":"371521","name":"阳谷县"},{"adcode":"371522","name":"莘县"},{"adcode":"371523","name":"茌平县"},{"adcode":"371524","name":"东阿县"},{"adcode":"371525","name":"冠县"},{"adcode":"371526","name":"高唐县"},{"adcode":"371581","name":"临清市"},{"adcode":"371602","name":"滨城区"},{"adcode":"371603","name":"沾化区"},{"adcode":"371621","name":"惠民县"},{"adcode":"371622","name":"阳信县"},{"adcode":"371623","name":"无棣县"},{"adcode":"371625","name":"博兴县"},{"adcode":"371626","name":"邹平县"},{"adcode":"371702","name":"牡丹区"},{"adcode":"371721","name":"曹县"},{"adcode":"371722","name":"单县"},{"adcode":"371723","name":"成武县"},{"adcode":"371724","name":"巨野县"},{"adcode":"371725","name":"郓城县"},{"adcode":"371726","name":"鄄城县"},{"adcode":"371727","name":"定陶县"},{"adcode":"371728","name":"东明县"}]