[{"adcode":"210102","name":"和平区"},{"adcode":"210103","name":"沈河区"},{"adcode":"210104","name":"大东区"},{"adcode":"210105","name":"皇姑区"},{"adcode":"210106","name":"铁西区"},{"adcode":"210111","name":"苏家屯区"},{"adcode":"210112","name":"浑南区"},{"adcode":"210113","name":"沈北新区"},{"adcode":"210114","name":"于洪区"},{"adcode":"210122","name":"辽中县"},{"adcode":"210123","name":"康平县"},{"adcode":"210124","name":"法库县"},{"adcode":"210181","name":"新民市"},{"adcode":"210202","name":"中山区"},{"adcode":"210203","name":"西岗区"},{"adcode":"210204","name":"沙河口区"},{"adcode":"210211","name":"甘井子区"},{"adcode":"210212","name":"旅顺口区"},{"adcode":"210213","name":"金州区"},{"adcode":"210224","name":"长海县"},{"adcode":"210281","name":"瓦房店市"},{"adcode":"210282","name":"普兰店市"},{"adcode":"210283","name":"庄河市"},{"adcode":"210302","name":"铁东区"},{"adcode":"210303","name":"铁西区"},{"adcode":"210304","name":"立山区"},{"adcode":"210311","name":"千山区"},{"adcode":"210321","name":"台安县"},{"adcode":"210323","name":"岫岩满族自治县"},{"adcode":"210381","name":"海城市"},{"adcode":"210402","name":"新抚区"},{"adcode":"210403","name":"东洲区"},{"adcode":"210404","name":"望花区"},{"adcode":"210411","name":"顺城区"},{"adcode":"210421","name":"抚顺县"},{"adcode":"210422","name":"新宾满族自治县"},{"adcode":"210423","name":"清原满族自治县"},{"adcode":"210502","name":"平山区"},{"adcode":"210503","name":"溪湖区"},{"adcode":"210504","name":"明山区"},{"adcode":"210505","name":"南芬区"},{"adcode":"210521","name":"本溪满族自治县"},{"adcode":"210522","name":"桓仁满族自治县"},{"adcode":"210602","name":"元宝区"},{"adcode":"210603","name":"振兴区"},{"adcode":"210604","name":"振安区"},{"adcode":"210624","name":"宽甸满族自治县"},{"adcode":"210681","name":"东港市"},{"adcode":"210682","name":"凤城市"},{"adcode":"210702","name":"古塔区"},{"adcode":"210703","name":"凌河区"},{"adcode":"210711","name":"太和区"},{"adcode":"210726","name":"黑山县"},{"adcode":"210727","name":"义县"},{"adcode":"210781","name":"凌海市"},{"adcode":"210782","name":"北镇市"},{"adcode":"210802","name":"站前区"},{"adcode":"210803","name":"西市区"},{"adcode":"210804","name":"鲅鱼圈区"},{"adcode":"210811","name":"老边区"},{"adcode":"210881","name":"盖州市"},{"adcode":"210882","name":"大石桥市"},{"adcode":"210902","name":"海州区"},{"adcode":"210903","name":"新邱区"},{"adcode":"210904","name":"太平区"},{"adcode":"210905","name":"清河门区"},{"adcode":"210911","name":"细河区"},{"adcode":"210921","name":"阜新蒙古族自治县"},{"adcode":"210922","name":"彰武县"},{"adcode":"211002","name":"白塔区"},{"adcode":"211003","name":"文圣区"},{"adcode":"211004","name":"宏伟区"},{"adcode":"211005","name":"弓长岭区"},{"adcode":"211011","name":"太子河区"},{"adcode":"211021","name":"辽阳县"},{"adcode":"211081","name":"灯塔市"},{"adcode":"211102","name":"双台子区"},{"adcode":"211103","name":"兴隆台区"},{"adcode":"211121","name":"大洼县"},{"adcode":"211122","name":"盘山县"},{"adcode":"211202","name":"银州区"},{"adcode":"211204","name":"清河区"},{"adcode":"211221","name":"铁岭县"},{"adcode":"211223","name":"西丰县"},{"adcode":"211224","name":"昌图县"},{"adcode":"211281","name":"调兵山市"},{"adcode":"211282","name":"开原市"},{"adcode":"211302","name":"双塔区"},{"adcode":"211303","name":"龙城区"},{"adcode":"211321","name":"朝阳县"},{"adcode":"211322","name":"建平县"},{"adcode":"211324","name":"喀喇沁左翼蒙古族自治县"},{"adcode":"211381","name":"北票市"},{"adcode":"211382","name":"凌源市"},{"adcode":"211402","name":"连山区"},{"adcode":"211403","name":"龙港区"},{"adcode":"211404","name":"南票区"},{"adcode":"211421","name":"绥中县"},{"adcode":"211422","name":"建昌县"},{"adcode":"211481","name":"兴城市"}]