[{"adcode":"110101","name":"东城区"},{"adcode":"110102","name":"西城区"},{"adcode":"110105","name":"朝阳区"},{"adcode":"110106","name":"丰台区"},{"adcode":"110107","name":"石景山区"},{"adcode":"110108","name":"海淀区"},{"adcode":"110109","name":"门头沟区"},{"adcode":"110111","name":"房山区"},{"adcode":"110112","name":"通州区"},{"adcode":"110113","name":"顺义区"},{"adcode":"110114","name":"昌平区"},{"adcode":"110115","name":"大兴区"},{"adcode":"110116","name":"怀柔区"},{"adcode":"110117","name":"平谷区"},{"adcode":"110128","name":"密云区"},{"adcode":"110129","name":"延庆区"}]