[{"adcode":"410102","name":"中原区"},{"adcode":"410103","name":"二七区"},{"adcode":"410104","name":"管城回族区"},{"adcode":"410105","name":"金水区"},{"adcode":"410106","name":"上街区"},{"adcode":"410108","name":"惠济区"},{"adcode":"410122","name":"中牟县"},{"adcode":"410181","name":"巩义市"},{"adcode":"410182","name":"荥阳市"},{"adcode":"410183","name":"新密市"},{"adcode":"410184","name":"新郑市"},{"adcode":"410185","name":"登封市"},{"adcode":"410202","name":"龙亭区"},{"adcode":"410203","name":"顺河回族区"},{"adcode":"410204","name":"鼓楼区"},{"adcode":"410205","name":"禹王台区"},{"adcode":"410212","name":"祥符区"},{"adcode":"410221","name":"杞县"},{"adcode":"410222","name":"通许县"},{"adcode":"410223","name":"尉氏县"},{"adcode":"410225","name":"兰考县"},{"adcode":"410302","name":"老城区"},{"adcode":"410303","name":"西工区"},{"adcode":"410304","name":"瀍河回族区"},{"adcode":"410305","name":"涧西区"},{"adcode":"410306","name":"吉利区"},{"adcode":"410311","name":"洛龙区"},{"adcode":"410322","name":"孟津县"},{"adcode":"410323","name":"新安县"},{"adcode":"410324","name":"栾川县"},{"adcode":"410325","name":"嵩县"},{"adcode":"410326","name":"汝阳县"},{"adcode":"410327","name":"宜阳县"},{"adcode":"410328","name":"洛宁县"},{"adcode":"410329","name":"伊川县"},{"adcode":"410381","name":"偃师市"},{"adcode":"410402","name":"新华区"},{"adcode":"410403","name":"卫东区"},{"adcode":"410404","name":"石龙区"},{"adcode":"410411","name":"湛河区"},{"adcode":"410421","name":"宝丰县"},{"adcode":"410422","name":"叶县"},{"adcode":"410423","name":"鲁山县"},{"adcode":"410425","name":"郏县"},{"adcode":"410481","name":"舞钢市"},{"adcode":"410482","name":"汝州市"},{"adcode":"410502","name":"文峰区"},{"adcode":"410503","name":"北关区"},{"adcode":"410505","name":"殷都区"},{"adcode":"410506","name":"龙安区"},{"adcode":"410522","name":"安阳县"},{"adcode":"410523","name":"汤阴县"},{"adcode":"410526","name":"滑县"},{"adcode":"410527","name":"内黄县"},{"adcode":"410581","name":"林州市"},{"adcode":"410602","name":"鹤山区"},{"adcode":"410603","name":"山城区"},{"adcode":"410611","name":"淇滨区"},{"adcode":"410621","name":"浚县"},{"adcode":"410622","name":"淇县"},{"adcode":"410702","name":"红旗区"},{"adcode":"410703","name":"卫滨区"},{"adcode":"410704","name":"凤泉区"},{"adcode":"410711","name":"牧野区"},{"adcode":"410721","name":"新乡县"},{"adcode":"410724","name":"获嘉县"},{"adcode":"410725","name":"原阳县"},{"adcode":"410726","name":"延津县"},{"adcode":"410727","name":"封丘县"},{"adcode":"410728","name":"长垣县"},{"adcode":"410781","name":"卫辉市"},{"adcode":"410782","name":"辉县市"},{"adcode":"410802","name":"解放区"},{"adcode":"410803","name":"中站区"},{"adcode":"410804","name":"马村区"},{"adcode":"410811","name":"山阳区"},{"adcode":"410821","name":"修武县"},{"adcode":"410822","name":"博爱县"},{"adcode":"410823","name":"武陟县"},{"adcode":"410825","name":"温县"},{"adcode":"410882","name":"沁阳市"},{"adcode":"410883","name":"孟州市"},{"adcode":"410902","name":"华龙区"},{"adcode":"410922","name":"清丰县"},{"adcode":"410923","name":"南乐县"},{"adcode":"410926","name":"范县"},{"adcode":"410927","name":"台前县"},{"adcode":"410928","name":"濮阳县"},{"adcode":"411002","name":"魏都区"},{"adcode":"411023","name":"许昌县"},{"adcode":"411024","name":"鄢陵县"},{"adcode":"411025","name":"襄城县"},{"adcode":"411081","name":"禹州市"},{"adcode":"411082","name":"长葛市"},{"adcode":"411102","name":"源汇区"},{"adcode":"411103","name":"郾城区"},{"adcode":"411104","name":"召陵区"},{"adcode":"411121","name":"舞阳县"},{"adcode":"411122","name":"临颍县"},{"adcode":"411202","name":"湖滨区"},{"adcode":"411203","name":"陕州区"},{"adcode":"411221","name":"渑池县"},{"adcode":"411224","name":"卢氏县"},{"adcode":"411281","name":"义马市"},{"adcode":"411282","name":"灵宝市"},{"adcode":"411302","name":"宛城区"},{"adcode":"411303","name":"卧龙区"},{"adcode":"411321","name":"南召县"},{"adcode":"411322","name":"方城县"},{"adcode":"411323","name":"西峡县"},{"adcode":"411324","name":"镇平县"},{"adcode":"411325","name":"内乡县"},{"adcode":"411326","name":"淅川县"},{"adcode":"411327","name":"社旗县"},{"adcode":"411328","name":"唐河县"},{"adcode":"411329","name":"新野县"},{"adcode":"411330","name":"桐柏县"},{"adcode":"411381","name":"邓州市"},{"adcode":"411402","name":"梁园区"},{"adcode":"411403","name":"睢阳区"},{"adcode":"411421","name":"民权县"},{"adcode":"411422","name":"睢县"},{"adcode":"411423","name":"宁陵县"},{"adcode":"411424","name":"柘城县"},{"adcode":"411425","name":"虞城县"},{"adcode":"411426","name":"夏邑县"},{"adcode":"411481","name":"永城市"},{"adcode":"411502","name":"浉河区"},{"adcode":"411503","name":"平桥区"},{"adcode":"411521","name":"罗山县"},{"adcode":"411522","name":"光山县"},{"adcode":"411523","name":"新县"},{"adcode":"411524","name":"商城县"},{"adcode":"411525","name":"固始县"},{"adcode":"411526","name":"潢川县"},{"adcode":"411527","name":"淮滨县"},{"adcode":"411528","name":"息县"},{"adcode":"411602","name":"川汇区"},{"adcode":"411621","name":"扶沟县"},{"adcode":"411622","name":"西华县"},{"adcode":"411623","name":"商水县"},{"adcode":"411624","name":"沈丘县"},{"adcode":"411625","name":"郸城县"},{"adcode":"411626","name":"淮阳县"},{"adcode":"411627","name":"太康县"},{"adcode":"411628","name":"鹿邑县"},{"adcode":"411681","name":"项城市"},{"adcode":"411702","name":"驿城区"},{"adcode":"411721","name":"西平县"},{"adcode":"411722","name":"上蔡县"},{"adcode":"411723","name":"平舆县"},{"adcode":"411724","name":"正阳县"},{"adcode":"411725","name":"确山县"},{"adcode":"411726","name":"泌阳县"},{"adcode":"411727","name":"汝南县"},{"adcode":"411728","name":"遂平县"},{"adcode":"411729","name":"新蔡县"}]